open,high,low,close,volume,timestamp
16634.29,16799.99,16585.64,16782.25,18446.6836015,2022-12-17 00:00:00+00:00
16782.23,16875.0,16663.76,16741.16,11073.43886205,2022-12-18 00:00:00+00:00
16742.33,16822.84,16273.4,16439.74,26856.08598724,2022-12-19 00:00:00+00:00
16439.98,17060.86,16398.22,16897.65,34330.28235168,2022-12-20 00:00:00+00:00
16896.17,16926.05,16725.78,16826.56,16743.62189364,2022-12-21 00:00:00+00:00
16825.18,16868.82,16560.84,16815.51,21269.7673979,2022-12-22 00:00:00+00:00
16815.28,16943.29,16719.57,16777.21,21958.88697726,2022-12-23 00:00:00+00:00
16777.88,16863.62,16775.88,16837.12,9502.80320659,2022-12-24 00:00:00+00:00
16837.24,16853.88,16720.89,16829.02,7065.21656572,2022-12-25 00:00:00+00:00
16829.19,16939.81,16787.97,16917.96,8493.27661167,2022-12-26 00:00:00+00:00
16916.66,16967.0,16585.97,16698.73,17482.09318834,2022-12-27 00:00:00+00:00
16698.31,16777.35,16460.0,16539.66,23345.55126307,2022-12-28 00:00:00+00:00
16539.66,16654.81,16479.5,16627.54,20088.46487471,2022-12-29 00:00:00+00:00
16627.36,16649.99,16326.16,16600.1,26532.28003447,2022-12-30 00:00:00+00:00
16599.98,16634.42,16462.49,16530.35,15414.5294044,2022-12-31 00:00:00+00:00
16531.83,16621.0,16490.0,16611.58,10668.73697739,2023-01-01 00:00:00+00:00
16611.9,16789.99,16542.52,16666.95,13560.46017964,2023-01-02 00:00:00+00:00
16666.86,16772.3,16600.0,16669.47,17612.35527749,2023-01-03 00:00:00+00:00
16668.95,16988.0,16645.87,16844.42,25922.70680625,2023-01-04 00:00:00+00:00
16844.4,16872.13,16750.07,16825.69,14918.22913349,2023-01-05 00:00:00+00:00
16825.53,17027.11,16670.82,16948.06,24235.38704157,2023-01-06 00:00:00+00:00
16948.0,16977.76,16903.58,16942.37,5680.11799379,2023-01-07 00:00:00+00:00
16942.37,17167.52,16910.41,17125.18,9195.45985397,2023-01-08 00:00:00+00:00
17125.17,17396.25,17102.97,17177.98,33252.15435855,2023-01-09 00:00:00+00:00
17177.94,17494.37,17145.1,17443.5,24901.57485784,2023-01-10 00:00:00+00:00
17443.5,17998.0,17315.08,17944.27,27251.01602186,2023-01-11 00:00:00+00:00
17944.15,19115.85,17904.83,18847.75,61938.44269045,2023-01-12 00:00:00+00:00
18847.77,20000.0,18714.8,19934.88,55049.6223488,2023-01-13 00:00:00+00:00
19934.07,21321.98,19893.25,20957.02,58239.87328811,2023-01-14 00:00:00+00:00
20956.2,21057.3,20560.16,20879.7,25709.30241812,2023-01-15 00:00:00+00:00
20879.67,21465.62,20611.45,21187.5,41151.35428763,2023-01-16 00:00:00+00:00
21191.46,21595.0,20844.73,21136.33,32656.47978348,2023-01-17 00:00:00+00:00
21135.01,21650.21,20370.01,20674.29,34600.25647175,2023-01-18 00:00:00+00:00
20674.03,21197.0,20656.52,21084.22,23436.75404601,2023-01-19 00:00:00+00:00
21084.05,22754.73,20865.64,22669.81,32810.59587882,2023-01-20 00:00:00+00:00
22671.09,23375.6,22432.45,22789.37,32657.60500465,2023-01-21 00:00:00+00:00
22789.34,23082.82,22298.15,22714.87,25548.28914044,2023-01-22 00:00:00+00:00
22714.81,23180.55,22500.01,22920.29,32380.77464386,2023-01-23 00:00:00+00:00
22920.67,23165.56,22460.17,22636.17,39180.10567306,2023-01-24 00:00:00+00:00
22636.19,23824.66,22326.24,23062.36,38496.91631901,2023-01-25 00:00:00+00:00
23062.36,23287.38,22853.61,23010.47,30187.01702655,2023-01-26 00:00:00+00:00
23011.37,23511.9,22540.76,23084.4,27185.13487749,2023-01-27 00:00:00+00:00
23084.38,23196.99,22884.0,23028.95,7466.33930339,2023-01-28 00:00:00+00:00
23029.56,23966.0,22974.75,23745.8,20952.76361397,2023-01-29 00:00:00+00:00
23744.34,23802.99,22500.0,22836.03,34312.28644397,2023-01-30 00:00:00+00:00
22836.03,23313.23,22719.68,23128.86,22721.77475761,2023-01-31 00:00:00+00:00
23127.15,23813.57,22760.0,23735.97,20292.22416962,2023-02-01 00:00:00+00:00
23735.97,24262.18,23367.87,23493.84,16368.92138269,2023-02-02 00:00:00+00:00
23497.29,23720.0,23208.01,23433.54,14215.66842983,2023-02-03 00:00:00+00:00
23433.47,23589.67,23257.71,23328.87,3567.13007478,2023-02-04 00:00:00+00:00
23329.47,23433.2,22758.01,22936.34,6574.34533251,2023-02-05 00:00:00+00:00
22936.34,23163.05,22637.51,22764.07,12149.94486314,2023-02-06 00:00:00+00:00
22763.42,23348.73,22748.11,23244.67,9803.34759825,2023-02-07 00:00:00+00:00
23244.64,23451.01,22669.09,22964.38,7693.59195866,2023-02-08 00:00:00+00:00
22963.91,23011.18,21700.0,21800.63,19277.239648,2023-02-09 00:00:00+00:00
21800.62,21942.41,21467.43,21628.97,12641.59512641,2023-02-10 00:00:00+00:00
21628.97,21904.0,21605.35,21863.73,4695.91143894,2023-02-11 00:00:00+00:00
21863.73,22091.88,21631.0,21789.8,5990.68642903,2023-02-12 00:00:00+00:00
21789.79,21903.03,21366.45,21789.14,13246.3049252,2023-02-13 00:00:00+00:00
21789.0,22331.76,21545.67,22206.27,14879.72784164,2023-02-14 00:00:00+00:00
22206.26,24386.5,22054.17,24329.04,23427.35072192,2023-02-15 00:00:00+00:00
24326.95,25256.83,23510.73,23516.15,30034.93494269,2023-02-16 00:00:00+00:00
23516.95,25025.0,23344.12,24577.6,22795.35234631,2023-02-17 00:00:00+00:00
24577.6,24879.33,24407.67,24636.23,6191.17379627,2023-02-18 00:00:00+00:00
24635.85,25200.0,24192.7,24281.31,9733.21021005,2023-02-19 00:00:00+00:00
24278.81,25128.11,23841.08,24844.97,13977.17943437,2023-02-20 00:00:00+00:00
24844.21,25288.88,24153.96,24454.43,16495.25564236,2023-02-21 00:00:00+00:00
24454.08,24480.0,23581.64,24184.44,17390.31077874,2023-02-22 00:00:00+00:00
24184.9,24600.95,23612.59,23943.32,16847.70433307,2023-02-23 00:00:00+00:00
23943.32,24132.67,22520.0,23186.88,20933.97488913,2023-02-24 00:00:00+00:00
23186.88,23220.56,22716.47,23159.71,5937.43847794,2023-02-25 00:00:00+00:00
23159.71,23689.77,23052.78,23556.83,6063.45918348,2023-02-26 00:00:00+00:00
23556.83,23895.51,23109.06,23489.52,12098.67253518,2023-02-27 00:00:00+00:00
23490.01,23597.98,23027.24,23145.32,9516.02766667,2023-02-28 00:00:00+00:00
23144.37,23999.99,23025.17,23631.52,12151.84539817,2023-03-01 00:00:00+00:00
23632.12,23798.62,23196.09,23468.24,9239.93644458,2023-03-02 00:00:00+00:00
23468.79,23477.28,21988.02,22358.18,21715.09355721,2023-03-03 00:00:00+00:00
22358.18,22409.82,22150.71,22350.95,2266.21497947,2023-03-04 00:00:00+00:00
22349.74,22654.64,22195.13,22432.69,5291.96467583,2023-03-05 00:00:00+00:00
22431.99,22599.99,22264.73,22410.31,10660.04864303,2023-03-06 00:00:00+00:00
22410.13,22557.03,21932.74,22198.48,10381.24422759,2023-03-07 00:00:00+00:00
22198.09,22281.55,21580.84,21698.37,13343.72575834,2023-03-08 00:00:00+00:00
21699.41,21825.53,20050.0,20367.01,21326.08097071,2023-03-09 00:00:00+00:00
20366.97,20369.78,19568.52,20230.08,32126.59207482,2023-03-10 00:00:00+00:00
20230.07,20964.5,19900.5,20620.54,18920.85100043,2023-03-11 00:00:00+00:00
20619.34,22276.69,20446.24,22219.08,19165.53317335,2023-03-12 00:00:00+00:00
22216.02,24710.0,21882.63,24220.0,38654.82408388,2023-03-13 00:00:00+00:00
24220.0,26553.9,24052.0,24762.65,44100.36444555,2023-03-14 00:00:00+00:00
24761.61,25300.0,23931.01,24377.16,30128.4276161,2023-03-15 00:00:00+00:00
24377.16,25235.28,24207.54,25051.85,20754.42573365,2023-03-16 00:00:00+00:00
25052.11,27834.54,24946.86,27453.62,40752.19373629,2023-03-17 00:00:00+00:00
27453.75,27780.0,26652.45,26980.35,18096.24372219,2023-03-18 00:00:00+00:00
26980.35,28478.0,26904.0,28054.46,16897.41761964,2023-03-19 00:00:00+00:00
28058.15,28578.63,27218.36,27823.32,23782.6567676,2023-03-20 00:00:00+00:00
27822.85,28605.32,27414.77,28207.33,16193.18924882,2023-03-21 00:00:00+00:00
28201.22,28937.73,26678.16,27325.15,33974.43697526,2023-03-22 00:00:00+00:00
27324.05,28839.68,27189.19,28352.94,26698.29660165,2023-03-23 00:00:00+00:00
28352.95,28433.34,27027.88,27489.24,22190.91292623,2023-03-24 00:00:00+00:00
27489.24,27818.67,27184.78,27488.18,9655.9494554,2023-03-25 00:00:00+00:00
27489.56,28230.32,27445.04,27992.9,9800.64299441,2023-03-26 00:00:00+00:00
27995.27,28053.26,26525.0,27142.87,17268.16335715,2023-03-27 00:00:00+00:00
27142.85,27519.99,26640.0,27274.15,14103.92919115,2023-03-28 00:00:00+00:00
27274.18,28654.06,27255.42,28359.54,17710.8595857,2023-03-29 00:00:00+00:00
28359.54,29190.04,27693.7,28035.48,20972.43924037,2023-03-30 00:00:00+00:00
28034.88,28650.2,27512.97,28474.4,18917.3621471,2023-03-31 00:00:00+00:00
28475.41,28826.45,28223.76,28471.46,6988.04239657,2023-04-01 00:00:00+00:00
28471.03,28544.21,27862.69,28188.34,6707.97702984,2023-04-02 00:00:00+00:00
28188.34,28525.0,27227.61,27811.77,16192.03702141,2023-04-03 00:00:00+00:00
27809.55,28450.0,27670.24,28179.64,13261.95025317,2023-04-04 00:00:00+00:00
28178.66,28799.99,27817.32,28175.37,15066.72449529,2023-04-05 00:00:00+00:00
28175.27,28199.11,27716.77,28053.46,10291.80646097,2023-04-06 00:00:00+00:00
28052.74,28120.71,27790.21,27931.94,5847.77200458,2023-04-07 00:00:00+00:00
27930.12,28175.89,27881.01,27958.81,3854.33490363,2023-04-08 00:00:00+00:00
27958.19,28547.67,27814.0,28340.99,6136.4286229,2023-04-09 00:00:00+00:00
28342.28,29794.47,28162.49,29660.41,15752.30418782,2023-04-10 00:00:00+00:00
29657.7,30584.58,29612.3,30227.19,18637.22157812,2023-04-11 00:00:00+00:00
30227.18,30517.0,29675.0,29912.2,14961.08403219,2023-04-12 00:00:00+00:00
29912.2,30627.05,29878.08,30406.78,12505.27274115,2023-04-13 00:00:00+00:00
30410.03,31050.0,30000.0,30492.92,19793.55777592,2023-04-14 00:00:00+00:00
30492.91,30622.38,30231.76,30324.11,5486.7222394,2023-04-15 00:00:00+00:00
30325.07,30572.1,30148.28,30326.09,6230.24911461,2023-04-16 00:00:00+00:00
30321.41,30340.21,29251.71,29449.91,13418.0380446,2023-04-17 00:00:00+00:00
29449.91,30500.0,29103.89,30393.4,12649.52217446,2023-04-18 00:00:00+00:00
30394.5,30430.72,28595.28,28809.72,20951.87851572,2023-04-19 00:00:00+00:00
28809.71,29102.69,27991.32,28248.18,17007.31210311,2023-04-20 00:00:00+00:00
28248.18,28371.88,27133.0,27253.85,19665.99126045,2023-04-21 00:00:00+00:00
27252.96,27887.78,27133.0,27821.41,7556.85769964,2023-04-22 00:00:00+00:00
27820.99,27820.99,27333.2,27592.98,6255.76778325,2023-04-23 00:00:00+00:00
27592.7,28000.0,26965.14,27515.05,12258.59093046,2023-04-24 00:00:00+00:00
27513.85,28400.0,27194.51,28304.42,12013.57991051,2023-04-25 00:00:00+00:00
28304.42,30050.66,27230.77,28426.08,31636.39150463,2023-04-26 00:00:00+00:00
28428.86,29900.0,28387.07,29483.72,24310.36359778,2023-04-27 00:00:00+00:00
29486.97,29606.45,28900.0,29338.63,14184.03938836,2023-04-28 00:00:00+00:00
29339.47,29470.0,29057.3,29249.35,4909.72717806,2023-04-29 00:00:00+00:00
29249.24,29969.99,29095.92,29247.14,6837.06831371,2023-04-30 00:00:00+00:00
29240.49,29348.6,27664.31,28077.27,17953.11670042,2023-05-01 00:00:00+00:00
28077.44,28899.99,27871.44,28684.4,13258.60505694,2023-05-02 00:00:00+00:00
28683.41,29276.12,28122.0,29038.75,15605.28754268,2023-05-03 00:00:00+00:00
29039.36,29383.5,28674.58,28857.23,10407.16067489,2023-05-04 00:00:00+00:00
28857.88,29706.57,28810.0,29536.76,14691.1261171,2023-05-05 00:00:00+00:00
29538.87,29850.0,28394.0,28902.66,8546.79874854,2023-05-06 00:00:00+00:00
28901.3,29189.71,28429.12,28474.53,5884.67007423,2023-05-07 00:00:00+00:00
28472.68,28676.38,27279.66,27695.06,15859.41839592,2023-05-08 00:00:00+00:00
27693.24,27833.64,27367.01,27647.29,8888.42683618,2023-05-09 00:00:00+00:00
27647.29,28334.75,26800.0,27624.01,18590.96989908,2023-05-10 00:00:00+00:00
27621.5,27649.85,26702.0,26986.56,13438.74631738,2023-05-11 00:00:00+00:00
26986.79,27099.21,25810.0,26808.84,18458.49543497,2023-05-12 00:00:00+00:00
26808.8,27060.24,26700.0,26789.48,4782.64422745,2023-05-13 00:00:00+00:00
26786.99,27221.51,26581.52,26929.98,4393.20531359,2023-05-14 00:00:00+00:00
26929.98,27678.73,26740.95,27171.13,11889.94842508,2023-05-15 00:00:00+00:00
27165.26,27302.99,26860.12,27037.68,11209.90767959,2023-05-16 00:00:00+00:00
27037.72,27516.58,26543.87,27407.77,13308.63176925,2023-05-17 00:00:00+00:00
27407.76,27487.71,26361.52,26820.49,12604.94858584,2023-05-18 00:00:00+00:00
26819.64,27190.35,26632.73,26890.27,7587.52629065,2023-05-19 00:00:00+00:00
26890.27,27178.99,26836.21,27113.61,3127.42757901,2023-05-20 00:00:00+00:00
27113.97,27288.02,26667.63,26752.65,5534.52475759,2023-05-21 00:00:00+00:00
26751.0,27105.63,26536.99,26854.73,8554.42214009,2023-05-22 00:00:00+00:00
26854.09,27500.0,26803.46,27223.22,11594.53703302,2023-05-23 00:00:00+00:00
27222.86,27225.0,26070.04,26321.4,17340.61730838,2023-05-24 00:00:00+00:00
26321.42,26625.93,25864.35,26479.06,12094.45706071,2023-05-25 00:00:00+00:00
26479.15,26950.0,26334.33,26714.86,9858.60032184,2023-05-26 00:00:00+00:00
26711.56,26943.6,26559.96,26867.99,3348.37908169,2023-05-27 00:00:00+00:00
26870.13,28277.56,26780.11,28070.04,9725.64198967,2023-05-28 00:00:00+00:00
28070.04,28473.93,27534.81,27744.82,11355.24110493,2023-05-29 00:00:00+00:00
27744.81,28057.23,27555.0,27700.15,12024.45830459,2023-05-30 00:00:00+00:00
27700.68,27844.89,26842.94,27223.08,15163.06255735,2023-05-31 00:00:00+00:00
27221.54,27360.31,26615.0,26828.42,11927.59445097,2023-06-01 00:00:00+00:00
26827.73,27307.44,26508.0,27250.69,12206.16873203,2023-06-02 00:00:00+00:00
27252.67,27341.13,26923.35,27077.6,3589.32341986,2023-06-03 00:00:00+00:00
27078.27,27466.83,26958.98,27122.04,4115.09881956,2023-06-04 00:00:00+00:00
27122.03,27137.75,25391.43,25741.5,16641.46931851,2023-06-05 00:00:00+00:00
25741.5,27368.67,25351.92,27243.63,18531.05925936,2023-06-06 00:00:00+00:00
27243.45,27402.79,26121.06,26346.41,16094.37567105,2023-06-07 00:00:00+00:00
26347.09,26820.3,26212.63,26508.32,8160.84833962,2023-06-08 00:00:00+00:00
26505.71,26780.4,26283.5,26482.81,10536.83247431,2023-06-09 00:00:00+00:00
26482.8,26534.95,25385.52,25856.1,16967.73205546,2023-06-10 00:00:00+00:00
25856.1,26219.1,25648.0,25937.02,8653.83803604,2023-06-11 00:00:00+00:00
25936.98,26108.64,25616.98,25905.82,10491.06768405,2023-06-12 00:00:00+00:00
25905.99,26435.81,25710.78,25930.23,14396.74678337,2023-06-13 00:00:00+00:00
25929.35,26090.0,24821.0,25123.34,14480.51749351,2023-06-14 00:00:00+00:00
25123.41,25749.99,24750.0,25569.99,18601.18891862,2023-06-15 00:00:00+00:00
25569.99,26486.56,25143.24,26329.6,16632.7425402,2023-06-16 00:00:00+00:00
26329.6,26783.2,26165.98,26506.56,7209.4251028,2023-06-17 00:00:00+00:00
26507.97,26693.11,26245.27,26336.46,5233.68378154,2023-06-18 00:00:00+00:00
26336.46,27040.64,26250.0,26837.78,9643.06748389,2023-06-19 00:00:00+00:00
26839.04,28417.11,26637.41,28320.43,28704.55295587,2023-06-20 00:00:00+00:00
28320.41,30800.0,28271.67,29995.08,31445.78143275,2023-06-21 00:00:00+00:00
29999.85,30513.25,29539.57,29886.31,18457.66785815,2023-06-22 00:00:00+00:00
29886.25,31443.67,29802.65,30707.61,22659.54058513,2023-06-23 00:00:00+00:00
30709.59,30815.92,30265.88,30547.18,6883.28318615,2023-06-24 00:00:00+00:00
30547.3,31057.86,30288.33,30480.24,6265.47434464,2023-06-25 00:00:00+00:00
30480.24,30662.66,29900.0,30272.18,12491.83081677,2023-06-26 00:00:00+00:00
30272.24,31020.54,30228.44,30697.38,11995.526853,2023-06-27 00:00:00+00:00
30696.06,30716.93,29840.0,30074.94,9391.66542094,2023-06-28 00:00:00+00:00
30074.93,30838.0,30036.18,30446.47,12261.34048625,2023-06-29 00:00:00+00:00
30445.67,31277.0,29417.14,30466.72,26013.22734909,2023-06-30 00:00:00+00:00
30466.73,30659.33,30312.8,30587.21,4012.76538882,2023-07-01 00:00:00+00:00
30587.22,30791.75,30165.39,30613.51,4829.83871313,2023-07-02 00:00:00+00:00
30613.57,31399.08,30569.0,31161.8,11391.98257522,2023-07-03 00:00:00+00:00
31162.71,31333.0,30628.3,30771.25,7233.95188576,2023-07-04 00:00:00+00:00
30772.93,30882.95,30189.56,30499.27,8782.6192239,2023-07-05 00:00:00+00:00
30499.27,31525.1,29850.0,29899.38,17229.92231032,2023-07-06 00:00:00+00:00
29895.6,30456.0,29715.87,30352.08,11137.14221055,2023-07-07 00:00:00+00:00
30350.35,30388.91,30047.78,30291.69,3856.11078847,2023-07-08 00:00:00+00:00
30291.69,30451.78,30066.95,30168.38,3884.04687903,2023-07-09 00:00:00+00:00
30168.26,31055.75,29955.0,30419.89,12703.78162563,2023-07-10 00:00:00+00:00
30419.89,30811.65,30304.45,30626.55,10653.5761104,2023-07-11 00:00:00+00:00
30624.65,31000.0,30200.0,30381.81,14881.70511963,2023-07-12 00:00:00+00:00
30383.26,31862.21,30250.73,31471.83,26135.6192364,2023-07-13 00:00:00+00:00
31471.83,31645.66,29920.31,30330.52,19272.20339271,2023-07-14 00:00:00+00:00
30330.93,30406.27,30254.67,30301.65,2559.07232743,2023-07-15 00:00:00+00:00
30302.01,30457.03,30075.93,30247.64,4021.41012275,2023-07-16 00:00:00+00:00
30247.56,30345.45,29668.58,30143.08,10632.8066781,2023-07-17 00:00:00+00:00
30143.08,30249.3,29525.0,29861.93,11124.83936583,2023-07-18 00:00:00+00:00
29861.92,30196.24,29757.44,29916.72,8804.54675154,2023-07-19 00:00:00+00:00
29916.69,30421.29,29564.19,29809.13,11494.95348803,2023-07-20 00:00:00+00:00
29809.13,30060.28,29729.48,29907.98,7598.61053359,2023-07-21 00:00:00+00:00
29907.15,30002.38,29626.86,29795.03,3629.48251055,2023-07-22 00:00:00+00:00
29793.62,30350.7,29733.55,30081.61,4513.83214295,2023-07-23 00:00:00+00:00
30081.61,30099.99,28850.0,29176.98,14484.27557634,2023-07-24 00:00:00+00:00
29176.98,29376.51,29046.0,29225.14,7140.85368901,2023-07-25 00:00:00+00:00
29225.11,29686.41,29089.54,29353.23,9635.09206614,2023-07-26 00:00:00+00:00
29350.88,29571.42,29075.0,29214.92,7327.4507106,2023-07-27 00:00:00+00:00
29214.93,29532.45,29115.32,29316.15,7105.49434797,2023-07-28 00:00:00+00:00
29316.05,29411.09,29253.44,29355.71,2893.05298823,2023-07-29 00:00:00+00:00
29356.65,29450.0,29033.0,29281.39,4387.57256615,2023-07-30 00:00:00+00:00
29280.41,29526.99,29102.65,29230.67,8793.83887155,2023-07-31 00:00:00+00:00
29230.61,29726.73,28477.0,29697.27,17751.31113096,2023-08-01 00:00:00+00:00
29699.25,30033.0,28903.79,29164.22,17967.34799565,2023-08-02 00:00:00+00:00
29163.87,29399.97,28938.93,29174.18,8920.01477716,2023-08-03 00:00:00+00:00
29174.84,29312.28,28747.1,29076.48,7291.14687702,2023-08-04 00:00:00+00:00
29077.04,29111.87,28946.17,29047.12,2490.84710469,2023-08-05 00:00:00+00:00
29047.33,29163.24,28955.0,29040.01,2461.64012073,2023-08-06 00:00:00+00:00
29040.01,29246.0,28660.53,29179.21,9200.08523317,2023-08-07 00:00:00+00:00
29179.28,30222.0,29104.65,29770.01,15610.25491294,2023-08-08 00:00:00+00:00
29770.01,30128.88,29344.16,29562.76,10451.45167511,2023-08-09 00:00:00+00:00
29562.76,29709.38,29306.0,29424.03,7104.55622213,2023-08-10 00:00:00+00:00
29424.04,29534.14,29213.59,29400.45,5961.21744691,2023-08-11 00:00:00+00:00
29400.45,29477.31,29349.98,29416.96,1906.1707986,2023-08-12 00:00:00+00:00
29417.19,29447.6,29247.15,29275.94,2128.37437697,2023-08-13 00:00:00+00:00
29275.78,29665.27,29072.96,29405.49,7063.46806345,2023-08-14 00:00:00+00:00
29405.49,29464.62,29046.58,29170.14,5815.32226178,2023-08-15 00:00:00+00:00
29170.13,29231.92,28690.37,28700.51,9669.42535941,2023-08-16 00:00:00+00:00
28700.51,28751.84,25234.76,26627.57,27723.2108711,2023-08-17 00:00:00+00:00
26627.21,26834.37,25610.0,26048.89,21190.13041519,2023-08-18 00:00:00+00:00
26048.9,26269.11,25793.11,26096.42,6554.05344759,2023-08-19 00:00:00+00:00
26096.4,26296.78,25975.01,26189.14,4345.07228674,2023-08-20 00:00:00+00:00
26189.36,26260.25,25814.0,26125.18,9936.98111023,2023-08-21 00:00:00+00:00
26125.16,26137.99,25350.0,26042.11,12418.87289323,2023-08-22 00:00:00+00:00
26041.94,26818.28,25796.47,26427.54,15743.86437208,2023-08-23 00:00:00+00:00
26427.73,26567.38,25850.0,26163.49,10002.33992977,2023-08-24 00:00:00+00:00
26163.49,26294.53,25750.0,26049.39,10926.33773703,2023-08-25 00:00:00+00:00
26049.4,26115.44,25971.44,26009.61,1862.15021008,2023-08-26 00:00:00+00:00
26009.62,26171.87,25961.81,26091.16,2069.84831133,2023-08-27 00:00:00+00:00
26091.16,26232.88,25850.0,26101.04,5460.42038393,2023-08-28 00:00:00+00:00
26101.03,28184.89,25903.18,27717.98,21402.10102797,2023-08-29 00:00:00+00:00
27717.15,27775.0,27015.75,27306.06,9793.95679478,2023-08-30 00:00:00+00:00
27306.06,27576.99,25660.61,25932.45,14462.02738125,2023-08-31 00:00:00+00:00
25931.51,26142.28,25307.37,25794.88,14995.72610123,2023-09-01 00:00:00+00:00
25795.61,25982.48,25707.3,25867.83,3810.77429103,2023-09-02 00:00:00+00:00
25867.82,26123.0,25792.29,25969.83,3434.5195669,2023-09-03 00:00:00+00:00
25969.83,26093.07,25627.0,25816.13,4635.8154655,2023-09-04 00:00:00+00:00
25816.14,25884.04,25551.36,25783.91,6051.14811848,2023-09-05 00:00:00+00:00
25782.49,26025.78,25358.0,25747.63,9374.33792185,2023-09-06 00:00:00+00:00
25747.63,26440.55,25595.8,26276.3,10885.13902329,2023-09-07 00:00:00+00:00
26276.38,26460.41,25640.1,25906.34,11149.95850667,2023-09-08 00:00:00+00:00
25906.33,25942.69,25791.45,25897.82,2225.82211069,2023-09-09 00:00:00+00:00
25897.82,26023.89,25578.01,25831.76,4361.60285333,2023-09-10 00:00:00+00:00
25831.77,25891.6,24900.0,25152.14,13404.11510617,2023-09-11 00:00:00+00:00
25152.13,26556.91,25120.76,25840.61,19789.48058328,2023-09-12 00:00:00+00:00
25839.95,26413.59,25763.43,26226.65,10099.7383701,2023-09-13 00:00:00+00:00
26227.16,26869.06,26128.25,26532.76,12929.08237721,2023-09-14 00:00:00+00:00
26532.5,26892.65,26213.96,26602.42,9345.93913701,2023-09-15 00:00:00+00:00
26601.71,26777.0,26453.32,26569.69,4132.04817572,2023-09-16 00:00:00+00:00
26569.69,26626.49,26405.04,26530.95,3252.26976131,2023-09-17 00:00:00+00:00
26530.96,27427.34,26382.13,26764.49,17493.70820354,2023-09-18 00:00:00+00:00
26764.03,27500.0,26666.93,27216.13,14386.07884728,2023-09-19 00:00:00+00:00
27216.52,27393.78,26798.98,27123.94,11590.24027633,2023-09-20 00:00:00+00:00
27122.65,27163.48,26359.7,26564.54,11801.98943642,2023-09-21 00:00:00+00:00
26564.54,26742.86,26467.94,26578.4,8563.0523313,2023-09-22 00:00:00+00:00
26578.4,26638.58,26513.0,26579.6,2597.25705711,2023-09-23 00:00:00+00:00
26579.59,26731.1,26118.86,26250.24,4587.80529114,2023-09-24 00:00:00+00:00
26248.17,26444.95,25983.78,26296.08,10762.98401397,2023-09-25 00:00:00+00:00
26296.07,26397.59,26080.0,26208.44,7016.42122845,2023-09-26 00:00:00+00:00
26208.43,26830.0,26088.37,26357.62,14123.89690964,2023-09-27 00:00:00+00:00
26357.56,27313.86,26321.37,27027.14,18975.87763693,2023-09-28 00:00:00+00:00
27027.44,27238.9,26661.71,26907.0,12712.27177691,2023-09-29 00:00:00+00:00
26905.57,27097.25,26884.86,26961.0,4413.30948101,2023-09-30 00:00:00+00:00
26961.0,28062.62,26955.25,27995.46,8747.06888783,2023-10-01 00:00:00+00:00
27995.46,28613.37,27302.3,27504.04,25148.25341854,2023-10-02 00:00:00+00:00
27504.03,27672.12,27160.47,27428.96,14334.10857629,2023-10-03 00:00:00+00:00
27428.96,27842.38,27208.65,27786.75,10238.17053376,2023-10-04 00:00:00+00:00
27786.12,28140.0,27358.05,27412.96,14136.04783544,2023-10-05 00:00:00+00:00
27413.15,28288.88,27173.41,27945.17,12908.75146274,2023-10-06 00:00:00+00:00
27945.17,28040.84,27861.2,27976.43,3489.91595717,2023-10-07 00:00:00+00:00
27976.44,28109.94,27708.6,27933.55,4118.56381073,2023-10-08 00:00:00+00:00
27933.54,28003.7,27268.63,27596.67,10218.62556021,2023-10-09 00:00:00+00:00
27596.67,27739.94,27291.81,27393.29,10265.79357936,2023-10-10 00:00:00+00:00
27393.28,27478.61,26521.32,26869.19,16466.26612207,2023-10-11 00:00:00+00:00
26867.97,26939.55,26537.72,26750.51,7881.21504857,2023-10-12 00:00:00+00:00
26752.06,27122.24,26662.62,26863.53,8694.60097059,2023-10-13 00:00:00+00:00
26863.54,26988.12,26797.0,26851.71,2786.76009652,2023-10-14 00:00:00+00:00
26851.71,27301.37,26806.06,27186.13,6215.85130529,2023-10-15 00:00:00+00:00
27186.13,30000.0,27135.92,28520.24,36471.7502374,2023-10-16 00:00:00+00:00
28520.24,28637.21,28083.19,28408.83,14171.43180714,2023-10-17 00:00:00+00:00
28408.51,28999.98,28151.6,28326.51,11820.68114047,2023-10-18 00:00:00+00:00
28326.24,28938.96,28122.57,28735.34,12662.68000489,2023-10-19 00:00:00+00:00
28734.51,30248.0,28591.85,29684.73,20095.91529217,2023-10-20 00:00:00+00:00
29684.73,30369.0,29475.06,29924.84,6369.9347533,2023-10-21 00:00:00+00:00
29925.91,30275.0,29670.0,30004.15,5720.28965895,2023-10-22 00:00:00+00:00
30004.14,35000.0,29890.89,33087.58,33228.46734771,2023-10-23 00:00:00+00:00
33079.72,35157.23,32851.45,33922.52,38506.35962554,2023-10-24 00:00:00+00:00
33921.66,35144.0,33690.91,34506.35,18668.45817435,2023-10-25 00:00:00+00:00
34504.33,34843.04,33735.86,34154.71,15867.44697165,2023-10-26 00:00:00+00:00
34153.35,34249.99,33400.0,33906.09,13879.04330119,2023-10-27 00:00:00+00:00
33905.96,34500.0,33867.38,34085.42,4372.52724873,2023-10-28 00:00:00+00:00
34085.42,34763.0,33937.31,34534.48,5547.09585659,2023-10-29 00:00:00+00:00
34534.48,34871.0,34077.9,34493.79,10183.77616922,2023-10-30 00:00:00+00:00
34493.51,34732.18,34038.79,34656.4,9282.02866788,2023-10-31 00:00:00+00:00
34656.38,35647.19,34079.46,35440.1,16197.45981756,2023-11-01 00:00:00+00:00
35440.1,35997.8,34311.73,34950.0,13455.65527035,2023-11-02 00:00:00+00:00
34947.92,34954.6,34100.0,34731.27,13961.70014519,2023-11-03 00:00:00+00:00
34730.32,35278.4,34599.85,35087.01,4696.70148339,2023-11-04 00:00:00+00:00
35087.43,35410.0,34500.0,35035.42,5892.67329337,2023-11-05 00:00:00+00:00
35035.79,35294.12,34753.66,35059.46,7088.27153194,2023-11-06 00:00:00+00:00
35059.46,35963.0,34530.67,35416.28,13841.59195597,2023-11-07 00:00:00+00:00
35416.63,36113.59,35103.14,35639.13,12253.15808483,2023-11-08 00:00:00+00:00
35639.13,37999.0,35555.16,36706.59,29045.85195583,2023-11-09 00:00:00+00:00
36704.01,37548.8,36334.46,37324.83,15183.168535,2023-11-10 00:00:00+00:00
37324.84,37424.03,36701.5,37139.12,5344.45382766,2023-11-11 00:00:00+00:00
37139.94,37247.0,36740.9,37086.03,3317.50278576,2023-11-12 00:00:00+00:00
37086.5,37442.48,36351.0,36475.67,10543.29564712,2023-11-13 00:00:00+00:00
36475.68,36756.16,34758.64,35554.09,16008.49077729,2023-11-14 00:00:00+00:00
35554.1,37987.0,35358.45,37885.35,19941.6757032,2023-11-15 00:00:00+00:00
37885.35,37958.75,35511.11,36161.15,18455.96829165,2023-11-16 00:00:00+00:00
36161.15,36831.99,35869.0,36630.38,12218.85138403,2023-11-17 00:00:00+00:00
36631.56,36857.15,36205.89,36594.89,3468.39821362,2023-11-18 00:00:00+00:00
36596.14,37546.62,36404.52,37391.19,4366.44892344,2023-11-19 00:00:00+00:00
37389.06,37784.07,36720.0,37475.64,14114.01039926,2023-11-20 00:00:00+00:00
37472.76,37675.77,35744.9,35751.89,20837.73934338,2023-11-21 00:00:00+00:00
35755.33,37875.0,35633.0,37424.31,17606.97239528,2023-11-22 00:00:00+00:00
37424.31,37653.67,36888.0,37304.05,7211.31754936,2023-11-23 00:00:00+00:00
37304.04,38454.0,37257.56,37745.84,17507.8900414,2023-11-24 00:00:00+00:00
37746.29,37920.27,37615.91,37805.99,3567.42244915,2023-11-25 00:00:00+00:00
37806.84,37842.17,37156.72,37462.79,6113.0562518,2023-11-26 00:00:00+00:00
37462.01,37578.42,36715.1,37241.63,13510.45476059,2023-11-27 00:00:00+00:00
37241.64,38425.96,36873.55,37838.26,18156.47258233,2023-11-28 00:00:00+00:00
37838.26,38480.0,37581.93,37863.84,15162.68883049,2023-11-29 00:00:00+00:00
37864.79,38152.18,37500.0,37732.27,8081.19248391,2023-11-30 00:00:00+00:00
37732.27,39000.0,37618.25,38703.54,16395.90197806,2023-12-01 00:00:00+00:00
38706.55,39740.0,38660.03,39478.95,7540.7688183,2023-12-02 00:00:00+00:00
39467.42,40221.22,39293.02,39984.81,7153.15663784,2023-12-03 00:00:00+00:00
39984.81,42410.46,39983.6,41987.24,21993.05995554,2023-12-04 00:00:00+00:00
41985.53,45000.0,41384.03,44084.39,24018.76035474,2023-12-05 00:00:00+00:00
44086.33,44290.37,43369.0,43764.05,15977.55938336,2023-12-06 00:00:00+00:00
43766.41,44057.23,42846.53,43280.95,13055.36691088,2023-12-07 00:00:00+00:00
43281.11,44754.99,43087.17,44192.87,13579.40860176,2023-12-08 00:00:00+00:00
44192.86,44384.68,43586.14,43723.25,5469.40708431,2023-12-09 00:00:00+00:00
43722.84,44049.51,43562.06,43793.68,3919.09423649,2023-12-10 00:00:00+00:00
43793.67,43811.81,40150.0,41229.61,25524.67094691,2023-12-11 00:00:00+00:00
41229.61,42088.56,40636.51,41477.39,13414.86773655,2023-12-12 00:00:00+00:00
41477.6,43475.0,40553.15,42885.54,15798.66423037,2023-12-13 00:00:00+00:00
42887.39,43442.15,41426.76,43027.77,15434.25971384,2023-12-14 00:00:00+00:00
43027.77,43095.71,41640.51,41933.89,10861.72864667,2023-12-15 00:00:00+00:00
41934.84,42680.2,41626.66,42237.29,5315.65582307,2023-12-16 00:00:00+00:00
42235.23,42367.82,41222.0,41349.59,6649.06495765,2023-12-17 00:00:00+00:00
41349.59,42754.79,40508.01,42650.01,13394.33474824,2023-12-18 00:00:00+00:00
42650.01,43461.86,41780.0,42266.22,13403.93447528,2023-12-19 00:00:00+00:00
42266.25,44324.86,42184.48,43674.77,19307.1089644,2023-12-20 00:00:00+00:00
43673.11,44250.0,43295.78,43875.32,13170.9728222,2023-12-21 00:00:00+00:00
43875.56,44424.36,43412.82,44013.73,10733.55348079,2023-12-22 00:00:00+00:00
44013.65,44033.84,43333.35,43726.35,4075.08953972,2023-12-23 00:00:00+00:00
43728.36,43985.67,42614.17,43025.03,4947.00165569,2023-12-24 00:00:00+00:00
43025.02,43818.29,42755.35,43589.67,4799.73104807,2023-12-25 00:00:00+00:00
43589.67,43605.0,41600.67,42515.53,13035.02745535,2023-12-26 00:00:00+00:00
42521.21,43709.98,42111.47,43474.4,12917.48404475,2023-12-27 00:00:00+00:00
43469.06,43830.34,42265.08,42581.23,13583.91599843,2023-12-28 00:00:00+00:00
42581.23,43137.1,41300.0,42063.45,16756.43323881,2023-12-29 00:00:00+00:00
42064.22,42593.73,41518.19,42141.03,11609.82377015,2023-12-30 00:00:00+00:00
42139.32,42850.0,41964.68,42288.06,11397.57303743,2023-12-31 00:00:00+00:00
42288.58,44240.8,42175.65,44220.78,7977.72851143,2024-01-01 00:00:00+00:00
44220.78,45925.82,44195.13,44972.8,29583.38407747,2024-01-02 00:00:00+00:00
44972.81,45519.32,40625.68,42862.44,32281.85234351,2024-01-03 00:00:00+00:00
42860.58,44800.0,42650.0,44193.29,18193.81684353,2024-01-04 00:00:00+00:00
44198.35,44443.37,42450.0,44186.59,18073.09561495,2024-01-05 00:00:00+00:00
44187.76,44260.95,43436.5,43992.44,5691.43460343,2024-01-06 00:00:00+00:00
43992.79,44510.01,43629.7,43950.28,5931.34650683,2024-01-07 00:00:00+00:00
43954.52,47330.0,43200.44,46995.1,26447.17326625,2024-01-08 00:00:00+00:00
46995.09,47901.0,44701.54,46124.08,26305.56366042,2024-01-09 00:00:00+00:00
46120.79,47732.5,44320.01,46666.11,36534.39765866,2024-01-10 00:00:00+00:00
46678.54,49102.29,45555.55,46342.66,38150.89478822,2024-01-11 00:00:00+00:00
46344.96,46522.2,41444.97,42773.03,46862.43347199,2024-01-12 00:00:00+00:00
42775.1,43250.0,42427.0,42839.33,10998.76404264,2024-01-13 00:00:00+00:00
42839.32,43064.13,41680.73,41697.33,7834.26155365,2024-01-14 00:00:00+00:00
41698.13,43331.91,41680.0,42490.16,10869.45830576,2024-01-15 00:00:00+00:00
42481.69,43569.23,42028.02,43130.45,18180.4405406,2024-01-16 00:00:00+00:00
43130.35,43185.47,42160.0,42739.49,16381.8407159,2024-01-17 00:00:00+00:00
42737.68,42877.22,40600.05,41293.5,25097.42399202,2024-01-18 00:00:00+00:00
41290.57,42159.52,40236.49,41624.07,22745.55271173,2024-01-19 00:00:00+00:00
41623.94,41846.15,41418.55,41666.67,4836.63124969,2024-01-20 00:00:00+00:00
41666.67,41858.59,41472.49,41554.05,3138.26294449,2024-01-21 00:00:00+00:00
41553.92,41658.0,39372.44,39524.27,26539.34338688,2024-01-22 00:00:00+00:00
39524.27,40144.49,38501.0,39878.3,21966.56334645,2024-01-23 00:00:00+00:00
39878.28,40527.26,39382.15,40077.78,17438.97734668,2024-01-24 00:00:00+00:00
40079.87,40282.87,39503.0,39941.66,12978.7331205,2024-01-25 00:00:00+00:00
39941.66,42243.14,39805.95,41814.8,19359.37921096,2024-01-26 00:00:00+00:00
41814.96,42199.99,41383.94,42126.55,3774.45056434,2024-01-27 00:00:00+00:00
42126.55,42839.07,41617.53,42034.59,4298.44263812,2024-01-28 00:00:00+00:00
42034.57,43326.77,41787.35,43306.18,12529.09255982,2024-01-29 00:00:00+00:00
43303.3,43872.99,42680.2,42942.78,16384.61219735,2024-01-30 00:00:00+00:00
42937.72,43741.94,42265.77,42548.08,15320.62044085,2024-01-31 00:00:00+00:00
42545.47,43276.19,41846.04,43078.81,11526.63383073,2024-02-01 00:00:00+00:00
43080.38,43700.0,42527.58,43181.66,12202.24125895,2024-02-02 00:00:00+00:00
43183.62,43358.13,42863.58,43010.67,2254.45335539,2024-02-03 00:00:00+00:00
43007.82,43100.0,42228.01,42568.55,2643.251649,2024-02-04 00:00:00+00:00
42571.91,43520.0,42235.0,42657.67,8756.87806894,2024-02-05 00:00:00+00:00
42658.3,43372.79,42516.07,43095.79,7940.36830921,2024-02-06 00:00:00+00:00
43097.16,44430.0,42760.44,44343.61,12440.36853251,2024-02-07 00:00:00+00:00
44345.94,45637.38,44335.0,45305.2,19283.80580787,2024-02-08 00:00:00+00:00
45304.83,48230.02,45252.93,47160.41,22108.85067543,2024-02-09 00:00:00+00:00
47157.01,48179.43,46889.53,47767.06,5663.309891,2024-02-10 00:00:00+00:00
47767.06,48614.0,47590.3,48316.3,5243.1260706,2024-02-11 00:00:00+00:00
48321.14,50363.42,47715.67,49941.81,18545.08725852,2024-02-12 00:00:00+00:00
49941.95,50423.42,48327.81,49725.36,20471.56790372,2024-02-13 00:00:00+00:00
49724.55,52111.0,49253.92,51858.59,20249.94369733,2024-02-14 00:00:00+00:00
51858.51,52890.0,51353.49,51934.29,18465.04404385,2024-02-15 00:00:00+00:00
51935.23,52608.2,51597.87,52162.64,13816.27351282,2024-02-16 00:00:00+00:00
52162.65,52214.05,50642.36,51666.22,5387.3486576,2024-02-17 00:00:00+00:00
51666.23,52400.0,51174.38,52153.63,3997.17143898,2024-02-18 00:00:00+00:00
52153.63,52501.01,51687.98,51787.05,6009.01451962,2024-02-19 00:00:00+00:00
51787.05,53000.0,50764.01,52277.52,15888.87599974,2024-02-20 00:00:00+00:00
52277.53,52394.91,50628.6,51851.67,13735.03407249,2024-02-21 00:00:00+00:00
51851.46,52076.0,50905.65,51258.7,13104.51408087,2024-02-22 00:00:00+00:00
51260.29,51512.68,50513.01,50747.05,11679.16625824,2024-02-23 00:00:00+00:00
50746.98,51696.19,50576.55,51570.65,3448.96576791,2024-02-24 00:00:00+00:00
51568.63,51967.82,51275.01,51731.0,3617.40106809,2024-02-25 00:00:00+00:00
51730.96,54980.0,50901.23,54533.48,22422.38763854,2024-02-26 00:00:00+00:00
54530.32,57646.81,54490.8,57077.07,28791.48651731,2024-02-27 00:00:00+00:00
57077.08,64100.0,56723.48,62518.9,48265.6721171,2024-02-28 00:00:00+00:00
62520.06,63675.48,60355.61,61179.03,36825.89535085,2024-02-29 00:00:00+00:00
61179.03,63267.18,60788.33,62436.72,24696.65692545,2024-03-01 00:00:00+00:00
62439.74,62500.0,61623.39,62045.78,6882.38410251,2024-03-02 00:00:00+00:00
62045.78,63260.0,61388.0,63154.49,7314.17629968,2024-03-03 00:00:00+00:00
63155.74,68602.98,62300.0,68360.14,40600.36656889,2024-03-04 00:00:00+00:00
68356.7,69324.58,59224.68,63800.78,65575.09537327,2024-03-05 00:00:00+00:00
63802.15,67654.06,62832.39,66122.28,34655.98799427,2024-03-06 00:00:00+00:00
66115.48,68098.09,65599.63,66938.21,22228.36739914,2024-03-07 00:00:00+00:00
66938.21,70199.0,66157.09,68289.16,33749.52797544,2024-03-08 00:00:00+00:00
68289.16,68700.41,68047.62,68480.0,9005.50992187,2024-03-09 00:00:00+00:00
68480.01,70000.0,68221.13,69032.12,12163.05713369,2024-03-10 00:00:00+00:00
69032.8,72943.98,67112.21,72110.98,32332.72583229,2024-03-11 00:00:00+00:00
72110.98,73027.63,68603.0,71475.93,29420.19277654,2024-03-12 00:00:00+00:00
71473.43,73709.99,71337.3,73135.04,21455.92195688,2024-03-13 00:00:00+00:00
73135.04,73835.57,68454.47,71364.58,34226.602618,2024-03-14 00:00:00+00:00
71364.58,72414.96,65565.7,69506.88,40195.84231178,2024-03-15 00:00:00+00:00
69514.87,70050.0,64774.05,65254.22,16532.825303,2024-03-16 00:00:00+00:00
65254.22,68877.82,64505.0,68343.64,12631.85084112,2024-03-17 00:00:00+00:00
68354.29,68933.71,66562.65,67613.04,20057.37580028,2024-03-18 00:00:00+00:00
67609.39,68136.39,61506.0,61906.27,40111.97553957,2024-03-19 00:00:00+00:00
61902.57,68150.0,60771.14,67858.8,38590.78345488,2024-03-20 00:00:00+00:00
67855.88,68234.56,64525.0,65484.7,18523.96247162,2024-03-21 00:00:00+00:00
65478.98,66651.1,62258.36,63814.56,17807.65930238,2024-03-22 00:00:00+00:00
63814.56,66029.09,63013.19,63998.86,7395.08270425,2024-03-23 00:00:00+00:00
63998.87,67637.6,63785.57,67204.93,6535.8276512,2024-03-24 00:00:00+00:00
67212.69,71269.92,66381.84,69890.28,22228.13803338,2024-03-25 00:00:00+00:00
69895.6,71582.96,69269.69,69992.4,15697.73440865,2024-03-26 00:00:00+00:00
69994.9,71789.85,68369.62,69435.96,18703.73738295,2024-03-27 00:00:00+00:00
69437.16,71635.99,68841.01,70801.18,15224.17928189,2024-03-28 00:00:00+00:00
70804.06,70941.7,69036.95,69903.75,7365.03204354,2024-03-29 00:00:00+00:00
69903.74,70363.25,69569.03,69626.87,3262.62331859,2024-03-30 00:00:00+00:00
69623.86,71399.91,69587.86,71288.9,4424.66955382,2024-03-31 00:00:00+00:00
71291.5,71313.8,68055.15,69681.82,13916.60016523,2024-04-01 00:00:00+00:00
69681.85,69711.0,64521.61,65464.14,23496.58634089,2024-04-02 00:00:00+00:00
65472.0,66944.06,64500.0,65987.92,14506.55934744,2024-04-03 00:00:00+00:00
65984.18,69367.19,65073.95,68525.23,18624.08140025,2024-04-04 00:00:00+00:00
68528.69,68783.99,66000.0,67856.51,15515.82134206,2024-04-05 00:00:00+00:00
67856.51,69685.0,67469.19,68919.89,3985.44167764,2024-04-06 00:00:00+00:00
68919.57,70312.0,68846.23,69350.34,5766.41938443,2024-04-07 00:00:00+00:00
69350.36,72777.0,69037.33,71622.53,16648.69284289,2024-04-08 00:00:00+00:00
71616.31,71761.37,68200.0,69117.01,15143.52341376,2024-04-09 00:00:00+00:00
69115.79,71159.6,67463.07,70634.04,16655.987797,2024-04-10 00:00:00+00:00
70638.4,71305.86,69530.0,70020.73,11001.16448135,2024-04-11 00:00:00+00:00
70020.71,71265.74,65110.31,67148.61,23509.75554216,2024-04-12 00:00:00+00:00
67148.62,69100.0,60822.01,64024.77,27548.47240557,2024-04-13 00:00:00+00:00
64021.36,65890.91,62150.0,65777.05,21604.05147827,2024-04-14 00:00:00+00:00
65764.56,66928.82,62315.08,63452.18,21672.73701332,2024-04-15 00:00:00+00:00
63452.18,64400.0,61645.09,63814.94,17710.28213211,2024-04-16 00:00:00+00:00
63814.94,64524.14,59648.33,61279.36,21812.15297865,2024-04-17 00:00:00+00:00
61275.73,64210.0,60816.07,63513.85,15249.84211445,2024-04-18 00:00:00+00:00
63514.84,65498.99,59573.32,63848.37,22838.07934159,2024-04-19 00:00:00+00:00
63841.96,65463.08,63121.15,64968.87,5157.40726514,2024-04-20 00:00:00+00:00
64960.82,65725.81,64250.0,64952.92,4487.48723219,2024-04-21 00:00:00+00:00
64952.92,67272.73,64520.0,66859.17,10977.05178637,2024-04-22 00:00:00+00:00
66856.07,67225.66,65823.66,66414.16,8840.16749844,2024-04-23 00:00:00+00:00
66418.0,67077.97,63542.56,64255.78,15083.5524347,2024-04-24 00:00:00+00:00
64255.77,65287.69,62747.18,64484.44,13256.29877715,2024-04-25 00:00:00+00:00
64484.44,64810.0,63287.76,63742.39,10151.96247701,2024-04-26 00:00:00+00:00
63742.39,63900.0,62389.0,63422.0,5312.16741262,2024-04-27 00:00:00+00:00
63422.34,64333.33,62743.81,63108.94,4415.96831554,2024-04-28 00:00:00+00:00
63109.76,64200.0,61741.01,63844.85,10712.13554316,2024-04-29 00:00:00+00:00
63845.01,64727.81,59040.3,60622.1,21106.65540758,2024-04-30 00:00:00+00:00
60621.2,60785.49,56500.0,58265.59,26611.9312734,2024-05-01 00:00:00+00:00
58267.81,59641.03,56903.79,59071.89,13593.00905888,2024-05-02 00:00:00+00:00
59070.3,63365.72,58821.05,62913.03,15954.29032707,2024-05-03 00:00:00+00:00
62913.03,64546.0,62565.82,63902.88,6414.57464352,2024-05-04 00:00:00+00:00
63902.88,64636.75,62908.34,64023.45,4474.5195919,2024-05-05 00:00:00+00:00
64023.45,65523.44,62704.48,63162.24,11241.77217344,2024-05-06 00:00:00+00:00
63161.35,64415.06,62252.64,62315.76,8994.93773002,2024-05-07 00:00:00+00:00
62315.75,63013.05,60851.04,61169.53,7486.42596849,2024-05-08 00:00:00+00:00
61169.53,63424.14,60601.6,63073.57,8360.0553824,2024-05-09 00:00:00+00:00
63073.55,63470.0,60150.0,60787.47,11511.12990976,2024-05-10 00:00:00+00:00
60787.99,61482.0,60450.13,60814.63,2338.06810837,2024-05-11 00:00:00+00:00
60814.64,61843.45,60576.05,61453.02,2694.97577935,2024-05-12 00:00:00+00:00
61453.01,63456.18,60738.51,62932.37,9170.80865115,2024-05-13 00:00:00+00:00
62927.44,63103.02,61024.51,61539.84,13456.61307634,2024-05-14 00:00:00+00:00
61539.7,66480.0,61299.57,66244.69,21821.38858725,2024-05-15 00:00:00+00:00
66244.68,66772.83,64588.5,65252.18,12012.70197182,2024-05-16 00:00:00+00:00
65252.17,67500.0,65113.46,67046.33,11710.00723895,2024-05-17 00:00:00+00:00
67046.34,67407.79,66624.06,66923.87,3880.58113972,2024-05-18 00:00:00+00:00
66923.87,67701.91,65852.02,66261.62,3565.11346165,2024-05-19 00:00:00+00:00
66260.04,71560.9,66057.03,71432.17,20415.88691709,2024-05-20 00:00:00+00:00
71432.16,71980.0,69146.01,70142.84,16102.06132545,2024-05-21 00:00:00+00:00
70142.88,70659.99,68887.52,69109.93,10889.10300904,2024-05-22 00:00:00+00:00
69109.93,70066.95,66259.0,67940.45,14340.27843589,2024-05-23 00:00:00+00:00
67932.79,69278.75,66587.91,68547.8,10374.95988085,2024-05-24 00:00:00+00:00
68545.52,69605.03,68487.44,69289.67,2501.11901959,2024-05-25 00:00:00+00:00
69289.69,69522.0,68097.38,68473.72,2037.67329089,2024-05-26 00:00:00+00:00
68470.8,70613.39,68210.12,69368.72,5384.62278063,2024-05-27 00:00:00+00:00
69366.31,69533.96,67194.59,68321.98,11975.93086328,2024-05-28 00:00:00+00:00
68321.99,68864.11,67081.66,67569.45,8970.02059069,2024-05-29 00:00:00+00:00
67569.44,69536.89,67092.91,68338.58,11841.26381893,2024-05-30 00:00:00+00:00
68338.58,69024.71,66584.47,67472.41,10690.85876224,2024-05-31 00:00:00+00:00
67473.07,67837.33,67371.28,67719.29,1949.57008052,2024-06-01 00:00:00+00:00
67719.29,68411.0,67260.0,67735.52,2997.15241527,2024-06-02 00:00:00+00:00
67731.14,70295.78,67568.0,68791.0,11884.90882705,2024-06-03 00:00:00+00:00
68791.04,71108.9,68542.37,70542.32,18042.19396496,2024-06-04 00:00:00+00:00
70541.68,71804.13,70356.49,71121.11,10123.1802918,2024-06-05 00:00:00+00:00
71120.65,71650.56,70093.98,70773.64,7716.5079994,2024-06-06 00:00:00+00:00
70773.63,71974.04,68298.55,69324.53,13768.98185265,2024-06-07 00:00:00+00:00
69326.71,69546.58,69126.22,69304.05,2631.94610412,2024-06-08 00:00:00+00:00
69303.8,69848.94,69123.99,69637.87,1826.03995531,2024-06-09 00:00:00+00:00
69641.08,70187.53,69141.51,69497.73,6088.40363232,2024-06-10 00:00:00+00:00
69495.97,69547.82,66018.69,67316.53,17354.68915468,2024-06-11 00:00:00+00:00
67316.52,70032.0,66883.32,68248.6,17140.01139413,2024-06-12 00:00:00+00:00
68248.59,68474.49,66200.0,66738.85,11916.13211129,2024-06-13 00:00:00+00:00
66746.46,67322.72,65005.0,66004.39,11520.15791899,2024-06-14 00:00:00+00:00
66004.36,66428.57,65800.86,66192.0,2004.1421548,2024-06-15 00:00:00+00:00
66192.0,66931.18,65999.0,66628.75,2118.65163435,2024-06-16 00:00:00+00:00
66629.38,67274.96,65050.0,66481.81,14487.64060903,2024-06-17 00:00:00+00:00
66481.81,66574.33,64010.01,65152.8,15937.73176483,2024-06-18 00:00:00+00:00
65150.9,65709.26,64635.48,64943.79,4958.38361329,2024-06-19 00:00:00+00:00
64945.67,66455.52,64500.0,64840.88,9346.70807899,2024-06-20 00:00:00+00:00
64840.89,65017.1,63300.93,64120.28,9816.79599936,2024-06-21 00:00:00+00:00
64120.28,64523.91,63910.01,64235.01,2324.21500373,2024-06-22 00:00:00+00:00
64235.0,64499.95,63125.75,63171.43,2054.79092364,2024-06-23 00:00:00+00:00
63169.36,63343.91,58414.28,60263.0,21418.04594647,2024-06-24 00:00:00+00:00
60262.16,62400.0,60217.36,61789.71,15201.5824773,2024-06-25 00:00:00+00:00
61794.47,62470.0,60656.8,60816.68,11392.79835017,2024-06-26 00:00:00+00:00
60818.86,62346.16,60546.94,61615.39,10530.35898848,2024-06-27 00:00:00+00:00
61611.43,62170.62,59868.0,60313.35,11381.0258738,2024-06-28 00:00:00+00:00
60312.36,61122.66,60273.8,60885.67,3199.03650127,2024-06-29 00:00:00+00:00
60884.44,62942.67,60611.01,62668.26,4263.22924826,2024-06-30 00:00:00+00:00
62669.14,63801.26,62448.46,62830.13,12326.70696465,2024-07-01 00:00:00+00:00
62830.94,63223.57,61000.0,62040.22,10688.64132628,2024-07-02 00:00:00+00:00
62039.44,62197.01,59332.76,60145.01,12066.71677065,2024-07-03 00:00:00+00:00
60145.01,60429.27,56709.73,57042.14,17969.35692426,2024-07-04 00:00:00+00:00
57036.45,57515.6,53499.9,56639.43,28052.41501655,2024-07-05 00:00:00+00:00
56634.53,58481.97,56020.32,58244.75,6449.32501293,2024-07-06 00:00:00+00:00
58240.36,58448.89,55717.23,55854.09,5320.91645368,2024-07-07 00:00:00+00:00
55852.61,58200.0,54278.93,56699.43,19043.04861272,2024-07-08 00:00:00+00:00
56701.18,58295.31,56276.37,58047.86,11757.76025902,2024-07-09 00:00:00+00:00
58047.86,59481.93,57157.28,57712.59,11619.63229345,2024-07-10 00:00:00+00:00
57713.4,59533.06,57036.41,57340.77,11433.53379518,2024-07-11 00:00:00+00:00
57343.66,58550.0,56538.33,57909.03,10516.60400149,2024-07-12 00:00:00+00:00
57908.61,59875.0,57770.92,59224.58,4255.10545721,2024-07-13 00:00:00+00:00
59224.58,61428.67,59209.2,60808.42,6132.37403058,2024-07-14 00:00:00+00:00
60804.97,64943.61,60666.59,64757.16,20601.73387957,2024-07-15 00:00:00+00:00
64757.16,65405.89,62410.33,65088.99,14691.92002303,2024-07-16 00:00:00+00:00
65086.55,66139.0,63853.99,64085.81,10647.79709095,2024-07-17 00:00:00+00:00
64085.82,65130.88,63222.6,63982.86,7637.52760383,2024-07-18 00:00:00+00:00
63977.64,67504.22,63289.15,66707.61,15163.05745737,2024-07-19 00:00:00+00:00
66707.61,67635.0,66271.0,67163.83,4671.38885135,2024-07-20 00:00:00+00:00
67163.82,68380.0,65820.18,68181.28,6027.86201344,2024-07-21 00:00:00+00:00
68181.16,68495.0,66569.42,67558.22,11844.79119584,2024-07-22 00:00:00+00:00
67560.03,67786.84,65444.3,65939.24,10791.03782177,2024-07-23 00:00:00+00:00
65939.24,67131.17,65090.61,65366.4,7702.25551129,2024-07-24 00:00:00+00:00
65358.86,66161.98,63412.46,65795.42,10452.25571747,2024-07-25 00:00:00+00:00
65795.52,68216.66,65705.6,67924.08,9315.20918753,2024-07-26 00:00:00+00:00
67921.46,69418.15,66635.28,67899.41,10233.62198513,2024-07-27 00:00:00+00:00
67901.81,68308.82,67021.8,68244.3,3505.5483691,2024-07-28 00:00:00+00:00
68244.3,70000.0,66400.01,66771.45,13641.48475825,2024-07-29 00:00:00+00:00
66767.14,66994.15,65283.68,66169.68,8733.57157991,2024-07-30 00:00:00+00:00
66169.68,66837.4,64500.0,64609.62,8986.37529253,2024-07-31 00:00:00+00:00
64609.61,65593.56,62212.81,65288.18,15636.72205775,2024-08-01 00:00:00+00:00
65293.48,65557.86,61150.0,61418.06,15390.00963957,2024-08-02 00:00:00+00:00
61418.06,62171.58,59819.13,60674.93,8019.39450918,2024-08-03 00:00:00+00:00
60674.93,61082.3,57123.0,58130.95,10319.01091658,2024-08-04 00:00:00+00:00
58131.31,58282.83,49050.01,54029.12,59125.78926672,2024-08-05 00:00:00+00:00
54037.9,57091.16,53965.57,56048.08,16897.67519536,2024-08-06 00:00:00+00:00
56048.07,57757.15,54564.15,55148.1,13971.5151871,2024-08-07 00:00:00+00:00
55144.14,62755.24,54737.32,61705.58,20623.04985861,2024-08-08 00:00:00+00:00
61704.05,61764.38,59552.46,60862.13,11569.80744379,2024-08-09 00:00:00+00:00
60864.71,61500.0,60255.61,60935.02,3157.63609699,2024-08-10 00:00:00+00:00
60935.01,61868.69,58312.63,58722.49,5229.37008498,2024-08-11 00:00:00+00:00
58717.44,60721.77,57653.31,59358.78,12183.92944247,2024-08-12 00:00:00+00:00
59358.78,61615.43,58402.01,60603.19,10879.76363828,2024-08-13 00:00:00+00:00
60603.19,61827.2,58453.56,58690.62,12938.61473824,2024-08-14 00:00:00+00:00
58690.62,59883.49,56120.0,57543.61,14506.63316989,2024-08-15 00:00:00+00:00
57543.57,59871.61,57096.56,58888.99,11930.21788221,2024-08-16 00:00:00+00:00
58888.99,59711.02,58803.45,59497.49,2787.56355634,2024-08-17 00:00:00+00:00
59497.49,60284.99,58422.0,58437.9,4325.64817169,2024-08-18 00:00:00+00:00
58436.2,59639.81,57820.0,59452.67,8539.29378706,2024-08-19 00:00:00+00:00
59455.81,61457.03,58571.96,59017.59,11062.05279919,2024-08-20 00:00:00+00:00
59017.59,61849.98,58793.89,61163.28,13380.11101719,2024-08-21 00:00:00+00:00
61167.54,61430.48,59750.0,60383.29,9608.6955368,2024-08-22 00:00:00+00:00
60383.28,64987.0,60343.2,64086.72,17852.77117167,2024-08-23 00:00:00+00:00
64091.63,64529.78,63564.22,64179.63,5020.91676004,2024-08-24 00:00:00+00:00
64179.63,65050.08,63793.74,64251.93,4012.30764642,2024-08-25 00:00:00+00:00
64250.01,64509.36,62806.8,62840.0,10741.96651081,2024-08-26 00:00:00+00:00
62840.09,63226.26,58025.49,59439.64,14195.89496578,2024-08-27 00:00:00+00:00
59437.68,60236.98,57851.62,59045.88,10001.12169866,2024-08-28 00:00:00+00:00
59047.94,61194.09,58729.39,59364.47,10933.22040343,2024-08-29 00:00:00+00:00
59353.12,59929.63,57700.0,59112.77,9382.9124508,2024-08-30 00:00:00+00:00
59117.59,59446.99,58739.31,58968.37,1368.21775121,2024-08-31 00:00:00+00:00
58968.37,59070.55,57200.0,57299.0,4411.05388122,2024-09-01 00:00:00+00:00
57291.21,59423.0,57119.01,59139.83,4318.6544603,2024-09-02 00:00:00+00:00
59138.89,59825.7,57394.49,57468.84,8264.44971184,2024-09-03 00:00:00+00:00
57460.5,58531.25,55555.0,57971.0,13715.96171494,2024-09-04 00:00:00+00:00
57971.0,58326.12,55628.04,56156.82,12281.57828747,2024-09-05 00:00:00+00:00
56156.82,56995.0,52530.0,53950.01,18495.45064356,2024-09-06 00:00:00+00:00
53950.0,54847.0,53733.1,54156.33,3284.57722628,2024-09-07 00:00:00+00:00
54159.6,55315.95,53623.95,54881.11,3684.86816392,2024-09-08 00:00:00+00:00
54881.1,58119.97,54565.56,57053.9,10203.03329517,2024-09-09 00:00:00+00:00
57047.82,58050.35,56377.76,57645.59,6433.21371111,2024-09-10 00:00:00+00:00
57641.15,58014.35,55534.41,57352.79,11678.94297124,2024-09-11 00:00:00+00:00
57352.92,58600.0,57311.15,58137.54,10175.62390483,2024-09-12 00:00:00+00:00
58137.33,60670.0,57630.01,60543.35,11935.95544754,2024-09-13 00:00:00+00:00
60543.35,60660.0,59436.8,60012.35,3147.39019631,2024-09-14 00:00:00+00:00
60012.34,60402.34,58695.75,59122.33,3975.3568185,2024-09-15 00:00:00+00:00
59122.7,59214.15,57477.0,58208.75,7654.10991835,2024-09-16 00:00:00+00:00
58209.76,61373.41,57620.27,60312.6,11701.89074715,2024-09-17 00:00:00+00:00
60317.38,61800.0,59174.5,61769.18,11471.50683029,2024-09-18 00:00:00+00:00
61770.38,63891.82,61569.16,62960.14,15075.86835522,2024-09-19 00:00:00+00:00
62956.04,64140.67,62340.0,63210.69,10636.1082809,2024-09-20 00:00:00+00:00
63210.94,63575.63,62755.0,63362.74,1960.85712028,2024-09-21 00:00:00+00:00
63362.74,64000.0,62380.55,63577.66,2882.2341982,2024-09-22 00:00:00+00:00
63580.39,64739.67,62566.28,63338.87,7014.74459935,2024-09-23 00:00:00+00:00
63338.85,64700.0,62689.15,64272.93,8933.46473574,2024-09-24 00:00:00+00:00
64272.93,64811.0,62932.8,63130.89,5909.09510453,2024-09-25 00:00:00+00:00
63131.13,65865.0,62652.99,65177.21,12789.85035505,2024-09-26 00:00:00+00:00
65176.39,66550.0,64827.85,65789.0,9529.0168808,2024-09-27 00:00:00+00:00
65787.53,66266.39,65400.0,65858.99,2755.22680581,2024-09-28 00:00:00+00:00
65857.33,66059.0,65433.29,65600.01,2721.35197741,2024-09-29 00:00:00+00:00
65600.01,65624.95,62833.95,63301.25,10629.74147917,2024-09-30 00:00:00+00:00
63305.52,64106.75,60150.89,60790.0,15970.80295516,2024-10-01 00:00:00+00:00
60792.63,62380.34,59969.2,60631.37,8764.03050337,2024-10-02 00:00:00+00:00
60631.36,61474.92,59824.87,60744.99,7834.55718072,2024-10-03 00:00:00+00:00
60745.0,62481.0,60454.5,62090.71,7884.21831808,2024-10-04 00:00:00+00:00
62090.7,62380.04,61686.34,62051.29,1783.56564961,2024-10-05 00:00:00+00:00
62051.29,62978.75,61805.85,62810.86,2086.21821773,2024-10-06 00:00:00+00:00
62810.93,64467.02,62113.28,62200.28,10707.1500015,2024-10-07 00:00:00+00:00
62203.82,63191.05,61824.48,62122.02,6566.33034742,2024-10-08 00:00:00+00:00
62118.44,62507.68,60255.0,60578.28,7582.36723494,2024-10-09 00:00:00+00:00
60578.28,61271.59,58863.9,60279.53,10462.57962276,2024-10-10 00:00:00+00:00
60279.53,63416.7,60029.98,62518.75,11454.9900534,2024-10-11 00:00:00+00:00
62518.75,63474.25,62464.15,63187.47,3943.90648994,2024-10-12 00:00:00+00:00
63183.08,63270.18,62033.0,62845.3,2257.61460657,2024-10-13 00:00:00+00:00
62847.89,66500.0,62426.67,66065.65,13638.71106556,2024-10-14 00:00:00+00:00
66065.64,67944.76,64778.44,67056.6,16324.01191342,2024-10-15 00:00:00+00:00
67056.62,68399.0,66743.0,67608.44,12465.75691229,2024-10-16 00:00:00+00:00
67608.45,67926.99,66629.97,67402.33,7912.22639285,2024-10-17 00:00:00+00:00
67399.86,69000.62,67149.24,68426.11,11802.74441943,2024-10-18 00:00:00+00:00
68426.11,68689.29,68005.83,68363.73,1868.86958754,2024-10-19 00:00:00+00:00
68363.73,69380.0,68083.18,69014.86,2632.89214855,2024-10-20 00:00:00+00:00
69014.87,69498.0,66802.0,67346.15,10226.59346669,2024-10-21 00:00:00+00:00
67346.15,67800.0,66535.0,67380.08,8598.06472763,2024-10-22 00:00:00+00:00
67389.7,67415.65,65149.51,66601.11,9021.17140157,2024-10-23 00:00:00+00:00
66601.1,68800.0,66445.32,68156.84,10016.19830413,2024-10-24 00:00:00+00:00
68156.84,68742.38,65500.01,66564.51,14485.49253537,2024-10-25 00:00:00+00:00
66564.51,67365.18,66331.95,67012.56,2949.2199701,2024-10-26 00:00:00+00:00
67008.15,68261.37,66836.78,67943.19,2819.59766921,2024-10-27 00:00:00+00:00
67943.18,70235.98,67532.48,69924.5,16140.14013624,2024-10-28 00:00:00+00:00
69924.49,73624.98,69705.76,72724.35,20616.91187006,2024-10-29 00:00:00+00:00
72724.35,72948.6,71400.01,72322.91,13543.49337837,2024-10-30 00:00:00+00:00
72322.91,72684.02,69559.33,70197.83,14726.78460342,2024-10-31 00:00:00+00:00
70198.02,71620.0,68720.0,69467.29,15295.28781188,2024-11-01 00:00:00+00:00
69466.64,69891.92,69000.0,69358.94,2203.99644104,2024-11-02 00:00:00+00:00
69360.95,69364.65,67444.0,68738.18,6758.88506466,2024-11-03 00:00:00+00:00
68736.4,69453.94,66783.77,67807.48,12431.01371517,2024-11-04 00:00:00+00:00
67810.15,70557.67,67427.53,69380.73,12867.66127618,2024-11-05 00:00:00+00:00
69380.64,76509.56,69285.82,75646.55,45398.11837369,2024-11-06 00:00:00+00:00
75646.55,76999.0,74463.96,75920.0,21932.40207681,2024-11-07 00:00:00+00:00
75925.0,77312.18,75654.26,76566.73,18378.39876264,2024-11-08 00:00:00+00:00
76566.72,76952.67,75758.58,76716.06,4836.57005338,2024-11-09 00:00:00+00:00
76716.06,81534.28,76535.33,80428.92,16728.21105103,2024-11-10 00:00:00+00:00
80427.69,89666.0,80277.34,88770.73,35560.11866694,2024-11-11 00:00:00+00:00
88770.74,90100.0,85010.0,88035.43,40111.80924643,2024-11-12 00:00:00+00:00
88035.43,93495.0,86220.5,90493.82,42318.6909168,2024-11-13 00:00:00+00:00
90499.4,91831.25,86672.07,87340.4,23422.75915863,2024-11-14 00:00:00+00:00
87338.96,91934.62,87100.83,91058.36,20388.33115227,2024-11-15 00:00:00+00:00
91058.36,91820.73,90069.21,90636.24,6598.0269304,2024-11-16 00:00:00+00:00
90638.54,91439.82,88713.64,89886.69,5574.55122824,2024-11-17 00:00:00+00:00
89877.11,92674.8,89372.65,90520.3,17340.77166451,2024-11-18 00:00:00+00:00
90521.32,94105.84,90403.24,92435.89,18267.16111244,2024-11-19 00:00:00+00:00
92445.04,94989.99,91600.0,94393.15,20329.039987,2024-11-20 00:00:00+00:00
94384.15,99073.53,94127.2,98439.09,31188.09394751,2024-11-21 00:00:00+00:00
98439.1,99860.0,97209.52,99024.03,29936.62215019,2024-11-22 00:00:00+00:00
99024.03,99044.11,97215.01,97778.77,12072.47203722,2024-11-23 00:00:00+00:00
97778.78,98700.0,95780.77,98028.18,8654.77135767,2024-11-24 00:00:00+00:00
98032.06,98999.0,92534.93,93000.01,20695.912495,2024-11-25 00:00:00+00:00
93001.48,95004.92,90682.58,91929.54,17848.01962899,2024-11-26 00:00:00+00:00
91929.53,97386.06,91747.46,95951.19,15213.90946356,2024-11-27 00:00:00+00:00
95951.19,96676.31,94671.59,95665.53,5586.55288339,2024-11-28 00:00:00+00:00
95665.53,98750.0,95383.46,97490.56,12587.02498942,2024-11-29 00:00:00+00:00
97489.8,97509.6,96129.73,96465.42,3476.04255853,2024-11-30 00:00:00+00:00
96464.95,97895.9,95753.42,97263.18,4039.27591451,2024-12-01 00:00:00+00:00
97259.17,98200.0,94400.63,95862.89,15554.61486745,2024-12-02 00:00:00+00:00
95862.89,96310.1,93571.3,95924.52,17898.7046212,2024-12-03 00:00:00+00:00
95924.85,99263.2,94634.85,98746.24,17528.92050771,2024-12-04 00:00:00+00:00
98746.24,104000.0,92055.86,97044.23,36399.8182427,2024-12-05 00:00:00+00:00
97049.47,102104.12,96424.2,99891.35,17801.21293952,2024-12-06 00:00:00+00:00
99885.37,100583.27,99012.73,99929.32,4774.3508777,2024-12-07 00:00:00+00:00
99919.2,101435.05,98729.66,101174.99,4230.35225168,2024-12-08 00:00:00+00:00
101175.0,101290.73,94220.8,97324.81,20103.05073464,2024-12-09 00:00:00+00:00
97330.66,98338.17,94273.38,96660.76,20620.53877488,2024-12-10 00:00:00+00:00
96660.75,101984.98,95722.79,101202.11,21190.23753294,2024-12-11 00:00:00+00:00
101211.61,102595.0,99298.39,100030.47,14796.92456547,2024-12-12 00:00:00+00:00
100024.75,101959.13,99220.81,101428.75,13327.59954074,2024-12-13 00:00:00+00:00
101428.74,102650.0,100600.0,101399.99,4181.40180281,2024-12-14 00:00:00+00:00
101400.0,105100.0,101221.34,104447.76,7796.33358128,2024-12-15 00:00:00+00:00
104445.15,107857.79,103289.21,106099.81,22575.87902891,2024-12-16 00:00:00+00:00
106099.98,108388.88,105337.97,106136.99,11994.58863972,2024-12-17 00:00:00+00:00
106145.83,106528.13,99939.82,100150.73,22294.42835455,2024-12-18 00:00:00+00:00
100148.6,102796.22,95539.67,97372.21,23522.12863874,2024-12-19 00:00:00+00:00
97372.2,98132.47,92115.66,97765.0,21766.62386138,2024-12-20 00:00:00+00:00
97762.75,99596.57,96368.0,97230.08,6451.43271418,2024-12-21 00:00:00+00:00
97230.09,97387.98,94182.98,95087.75,4933.50127735,2024-12-22 00:00:00+00:00
95091.15,96430.08,92360.91,94764.56,13476.98947566,2024-12-23 00:00:00+00:00
94767.88,99444.0,93426.25,98594.47,13355.36314305,2024-12-24 00:00:00+00:00
98594.47,99484.92,97557.48,99346.28,5254.2370598,2024-12-25 00:00:00+00:00
99358.67,99887.0,95083.93,95669.49,11403.37268934,2024-12-26 00:00:00+00:00
95669.4,97340.47,93234.31,94171.89,13169.12897588,2024-12-27 00:00:00+00:00
94171.7,95534.17,94002.72,95130.82,2722.6591363,2024-12-28 00:00:00+00:00
95125.59,95170.06,92841.48,93563.35,3417.52751094,2024-12-29 00:00:00+00:00
93563.35,94910.48,91271.19,92620.71,15271.24432744,2024-12-30 00:00:00+00:00
92620.7,96148.94,91887.13,93354.22,10348.6325655,2024-12-31 00:00:00+00:00
93347.59,94960.91,92743.63,94383.59,6871.73848196,2025-01-01 00:00:00+00:00
94383.59,97776.99,94177.0,96903.19,10912.47383962,2025-01-02 00:00:00+00:00
96905.48,98969.92,96016.63,98136.51,9021.88538159,2025-01-03 00:00:00+00:00
98139.85,98761.02,97516.65,98209.85,2742.08960614,2025-01-04 00:00:00+00:00
98209.85,98814.0,97250.0,98345.33,2377.92175899,2025-01-05 00:00:00+00:00
98347.65,102500.0,97900.0,102279.41,15173.55606778,2025-01-06 00:00:00+00:00
102279.41,102735.99,96105.11,96941.98,16587.2869223,2025-01-07 00:00:00+00:00
96941.98,97254.35,92500.0,95036.63,14182.29739458,2025-01-08 00:00:00+00:00
95033.18,95363.26,91187.0,92547.44,9712.37853215,2025-01-09 00:00:00+00:00
92547.44,95862.92,92209.25,94701.18,12634.03407823,2025-01-10 00:00:00+00:00
94701.48,94983.65,93804.05,94565.02,2638.69956767,2025-01-11 00:00:00+00:00
94569.91,95383.84,93670.3,94509.62,2025.81612971,2025-01-12 00:00:00+00:00
94507.24,95900.0,89028.64,94506.45,13094.86359481,2025-01-13 00:00:00+00:00
94507.35,97353.29,94311.36,96534.96,11210.74226727,2025-01-14 00:00:00+00:00
96534.97,100716.45,96400.0,100510.23,13610.74729401,2025-01-15 00:00:00+00:00
100504.27,100880.0,97277.58,99981.78,12312.37366854,2025-01-16 00:00:00+00:00
99981.46,105970.0,99937.81,104107.0,20518.30949325,2025-01-17 00:00:00+00:00
104107.0,104933.15,102233.45,104435.0,7835.29991824,2025-01-18 00:00:00+00:00
104435.01,106314.44,99518.0,101211.13,13312.63685598,2025-01-19 00:00:00+00:00
101217.78,109358.01,99416.27,102145.43,32342.18311338,2025-01-20 00:00:00+00:00
102145.42,107291.1,100051.0,106159.26,19411.23488978,2025-01-21 00:00:00+00:00
106159.27,106431.34,103100.0,103667.11,10730.018962,2025-01-22 00:00:00+00:00
103659.6,106870.87,101200.01,103926.36,25064.86499945,2025-01-23 00:00:00+00:00
103926.36,107200.0,102751.92,104850.27,12921.99361413,2025-01-24 00:00:00+00:00
104866.13,105294.0,104104.0,104733.56,3404.85308291,2025-01-25 00:00:00+00:00
104729.92,105478.8,102452.24,102563.0,4575.36611531,2025-01-26 00:00:00+00:00
102565.28,103228.46,97715.03,102062.42,23647.14111877,2025-01-27 00:00:00+00:00
102063.92,103770.85,100213.8,101290.0,9488.53429464,2025-01-28 00:00:00+00:00
101290.01,104829.64,101275.6,103747.25,11403.20278905,2025-01-29 00:00:00+00:00
103747.25,106484.77,103289.74,104742.64,13061.34881233,2025-01-30 00:00:00+00:00
104742.63,106090.0,101506.0,102411.26,13313.68104489,2025-01-31 00:00:00+00:00
102414.05,102781.65,100250.0,100623.85,3390.25555744,2025-02-01 00:00:00+00:00
100623.88,101459.84,96179.0,97676.52,10366.65062753,2025-02-02 00:00:00+00:00
97676.53,102599.85,91178.01,101460.2,31328.72219576,2025-02-03 00:00:00+00:00
101460.15,101812.23,96145.76,97795.05,14168.7031661,2025-02-04 00:00:00+00:00
97795.06,99230.49,96161.01,96638.33,9308.59185883,2025-02-05 00:00:00+00:00
96635.62,99182.15,95674.96,96564.62,9168.94674634,2025-02-06 00:00:00+00:00
96575.24,100235.79,95614.96,96537.08,12171.82534167,2025-02-07 00:00:00+00:00
96536.93,96919.05,95682.33,96476.25,2972.45715184,2025-02-08 00:00:00+00:00
96476.24,97342.28,94730.67,96475.82,3417.87009701,2025-02-09 00:00:00+00:00
96481.47,98367.23,95257.2,97444.41,6375.72539123,2025-02-10 00:00:00+00:00
97451.66,98500.0,94831.07,95774.08,7737.05105717,2025-02-11 00:00:00+00:00
95770.95,98119.98,94066.92,97862.53,9078.50356189,2025-02-12 00:00:00+00:00
97864.28,98100.0,95220.0,96625.29,6803.6078927,2025-02-13 00:00:00+00:00
96625.29,98890.11,96268.56,97509.03,7744.67640105,2025-02-14 00:00:00+00:00
97507.94,97997.85,97225.01,97596.94,1626.51929078,2025-02-15 00:00:00+00:00
97596.54,97738.22,96057.68,96119.88,2174.29326885,2025-02-16 00:00:00+00:00
96119.88,97050.64,95200.0,95781.8,3533.01273263,2025-02-17 00:00:00+00:00
95781.8,96730.0,93333.0,95607.4,8867.39878431,2025-02-18 00:00:00+00:00
95612.97,96880.0,95000.01,96632.03,6945.44897339,2025-02-19 00:00:00+00:00
96632.03,98768.54,96419.07,98347.2,10582.84622768,2025-02-20 00:00:00+00:00
98347.2,99517.52,94721.92,96157.03,19298.23921958,2025-02-21 00:00:00+00:00
96157.03,96982.52,95767.95,96582.12,7324.02366243,2025-02-22 00:00:00+00:00
96578.49,96679.93,95243.91,96265.98,3787.84705335,2025-02-23 00:00:00+00:00
96266.23,96515.41,91300.0,91510.82,12644.0435007,2025-02-24 00:00:00+00:00
91509.88,92549.99,85836.18,88583.74,31587.91715546,2025-02-25 00:00:00+00:00
88583.17,89305.68,82111.12,84111.78,21568.55463119,2025-02-26 00:00:00+00:00
84111.77,86993.87,82554.11,84625.19,16836.55524727,2025-02-27 00:00:00+00:00
84627.5,85116.19,78167.81,84297.73,30755.74245077,2025-02-28 00:00:00+00:00
84297.74,86534.96,83772.54,86018.76,6852.5441262,2025-03-01 00:00:00+00:00
86018.82,95128.88,85003.35,94265.48,16751.22972996,2025-03-02 00:00:00+00:00
94265.47,94415.61,85007.01,86161.1,22691.67068614,2025-03-03 00:00:00+00:00
86161.09,88977.27,81444.0,87249.96,23130.37098654,2025-03-04 00:00:00+00:00
87247.93,91000.0,86329.22,90603.73,14900.93396554,2025-03-05 00:00:00+00:00
90607.73,92817.29,87790.5,89921.85,13303.43744669,2025-03-06 00:00:00+00:00
89915.02,91280.0,84608.27,86756.98,27137.2022302,2025-03-07 00:00:00+00:00
86753.3,86863.38,85200.0,86206.69,3023.2478665,2025-03-08 00:00:00+00:00
86206.64,86480.0,80000.0,80699.17,7565.44749561,2025-03-09 00:00:00+00:00
80708.21,84033.66,77389.0,78544.71,21375.10120997,2025-03-10 00:00:00+00:00
78548.18,83600.0,76555.0,82914.51,17096.37980265,2025-03-11 00:00:00+00:00
82911.81,84442.69,80572.21,83659.43,12617.220582,2025-03-12 00:00:00+00:00
83659.45,84310.8,79890.0,81073.43,10506.80043483,2025-03-13 00:00:00+00:00
81071.5,85318.61,80771.17,83980.49,10857.45703924,2025-03-14 00:00:00+00:00
83989.86,84690.43,83612.24,84351.46,2331.92028578,2025-03-15 00:00:00+00:00
84351.45,85092.35,81969.44,82562.57,4059.89765099,2025-03-16 00:00:00+00:00
82562.5,84758.46,82416.98,84011.4,7785.97733364,2025-03-17 00:00:00+00:00
84011.39,84029.67,81125.0,82698.76,7316.63296603,2025-03-18 00:00:00+00:00
82699.53,87045.45,82535.53,86877.96,13056.03519886,2025-03-19 00:00:00+00:00
86877.97,87492.87,83596.75,84183.42,9880.31696275,2025-03-20 00:00:00+00:00
84183.41,84809.72,83100.0,84061.96,6257.63558757,2025-03-21 00:00:00+00:00
84061.96,84517.75,83659.69,83852.03,2108.51345069,2025-03-22 00:00:00+00:00
83852.06,86128.99,83804.67,86092.94,3467.46945277,2025-03-23 00:00:00+00:00
86092.95,88804.64,85533.06,87523.62,13107.50391644,2025-03-24 00:00:00+00:00
87518.09,88584.34,86321.97,87427.88,10153.98312373,2025-03-25 00:00:00+00:00
87432.82,88304.1,85850.0,86926.01,6885.71986041,2025-03-26 00:00:00+00:00
86926.01,87790.12,85784.0,87217.48,6904.09386105,2025-03-27 00:00:00+00:00
87214.07,87498.15,83533.4,84381.8,10031.80008987,2025-03-28 00:00:00+00:00
84381.81,84584.13,81608.99,82616.83,3194.24303663,2025-03-29 00:00:00+00:00
82624.06,83508.98,81538.88,82379.98,2472.72302228,2025-03-30 00:00:00+00:00
82379.98,83920.8,81265.16,82534.32,6887.94694226,2025-03-31 00:00:00+00:00
82534.31,85566.53,82403.32,85170.37,9130.97692565,2025-04-01 00:00:00+00:00
85166.92,88530.0,82283.01,82490.08,16748.28262337,2025-04-02 00:00:00+00:00
82490.1,83953.45,81177.7,83174.33,11800.91106566,2025-04-03 00:00:00+00:00
83178.68,84720.67,81643.54,83860.16,14593.03092888,2025-04-04 00:00:00+00:00
83859.78,84238.35,82346.61,83498.25,2836.42920662,2025-04-05 00:00:00+00:00
83505.88,83773.58,77058.99,78370.75,11014.8594773,2025-04-06 00:00:00+00:00
78370.15,81223.67,74420.69,79140.01,26706.52930797,2025-04-07 00:00:00+00:00
79140.02,80849.98,76167.35,76251.64,14917.02351692,2025-04-08 00:00:00+00:00
76258.8,83583.35,74553.01,82594.75,23584.94464084,2025-04-09 00:00:00+00:00
82593.15,82730.93,78387.24,79552.34,11876.12778689,2025-04-10 00:00:00+00:00
79552.34,84299.0,78919.94,83380.47,9964.68703141,2025-04-11 00:00:00+00:00
83379.64,85909.97,82765.26,85271.01,3972.49282052,2025-04-12 00:00:00+00:00
85271.02,86092.99,83010.0,83733.07,3904.15929557,2025-04-13 00:00:00+00:00
83733.07,85818.06,83655.27,84590.36,7247.02343319,2025-04-14 00:00:00+00:00
84590.36,86491.4,83592.77,83629.78,6461.77024421,2025-04-15 00:00:00+00:00
83622.52,85526.4,83088.02,84028.72,8246.73748903,2025-04-16 00:00:00+00:00
84028.71,85494.94,83711.69,84961.97,5865.70077325,2025-04-17 00:00:00+00:00
84961.97,85150.94,84287.06,84466.47,1884.07668707,2025-04-18 00:00:00+00:00
84466.47,85625.0,84353.45,85074.99,1683.30746873,2025-04-19 00:00:00+00:00
85074.59,85319.21,83972.82,85177.34,1812.14325365,2025-04-20 00:00:00+00:00
85177.33,88575.62,85135.98,87522.07,12603.75828155,2025-04-21 00:00:00+00:00
87513.53,93952.62,87077.17,93489.1,19460.09432868,2025-04-22 00:00:00+00:00
93486.57,94686.0,91902.19,93740.92,12538.32136507,2025-04-23 00:00:00+00:00
93740.93,94061.02,91685.18,94021.96,9320.8086182,2025-04-24 00:00:00+00:00
94021.97,95976.34,92880.01,94708.79,14148.6339475,2025-04-25 00:00:00+00:00
94707.79,95273.52,93903.01,94666.64,2253.98942317,2025-04-26 00:00:00+00:00
94666.64,95351.11,93654.77,93780.57,2304.93789541,2025-04-27 00:00:00+00:00
93780.56,95652.66,92829.44,95042.57,7348.4883725,2025-04-28 00:00:00+00:00
95042.56,95499.0,93761.26,94271.09,5979.94472886,2025-04-29 00:00:00+00:00
94271.08,95263.74,92911.88,94182.54,6511.31778605,2025-04-30 00:00:00+00:00
94182.55,97546.99,94136.79,96524.98,8334.02681063,2025-05-01 00:00:00+00:00
96524.98,97948.56,96369.69,96929.81,5709.61012071,2025-05-02 00:00:00+00:00
96929.81,96974.78,95765.13,95861.33,2077.55675998,2025-05-03 00:00:00+00:00
95865.47,96312.51,94151.67,94272.55,2834.39686495,2025-05-04 00:00:00+00:00
94272.54,95218.82,93500.01,94733.99,5181.01206583,2025-05-05 00:00:00+00:00
94733.99,96916.25,93363.28,96839.17,6164.34738969,2025-05-06 00:00:00+00:00
96843.84,97738.05,95800.0,97058.32,8328.69875473,2025-05-07 00:00:00+00:00
97058.33,104176.05,96888.25,103253.49,15379.43544074,2025-05-08 00:00:00+00:00
103252.2,104352.6,102330.76,102986.96,7318.60440182,2025-05-09 00:00:00+00:00
102986.94,104997.0,102831.41,104821.19,3104.17143581,2025-05-10 00:00:00+00:00
104817.83,104980.89,103360.22,104137.62,3055.22813204,2025-05-11 00:00:00+00:00
104137.58,105787.37,100703.71,102800.21,11005.40673978,2025-05-12 00:00:00+00:00
102800.22,105038.53,101447.78,104131.06,8727.89105836,2025-05-13 00:00:00+00:00
104131.2,104373.0,102603.27,103545.38,7628.70177301,2025-05-14 00:00:00+00:00
103540.91,104200.0,101400.01,103786.43,7563.00946962,2025-05-15 00:00:00+00:00
103786.4,104616.71,103125.51,103500.03,6881.65708111,2025-05-16 00:00:00+00:00
103500.03,103741.98,102612.0,103161.07,1848.95251021,2025-05-17 00:00:00+00:00
103162.53,106692.97,103130.95,106473.46,4130.60889099,2025-05-18 00:00:00+00:00
106488.77,107137.68,102105.0,105616.18,10104.32339011,2025-05-19 00:00:00+00:00
105616.21,107355.0,104209.18,106883.24,8804.38724819,2025-05-20 00:00:00+00:00
106883.24,110788.98,106128.14,109699.54,18333.91491262,2025-05-21 00:00:00+00:00
109697.19,112000.0,109217.23,111722.53,11250.38756124,2025-05-22 00:00:00+00:00
111722.54,111824.07,106800.01,107329.61,9638.23489571,2025-05-23 00:00:00+00:00
107332.08,109517.79,106895.77,107794.01,2611.3560546,2025-05-24 00:00:00+00:00
107794.01,109371.04,106632.35,109048.68,2996.9984274,2025-05-25 00:00:00+00:00
109048.41,110474.41,108706.04,109464.32,4641.38117417,2025-05-26 00:00:00+00:00
109464.33,110829.42,107536.41,108978.46,8827.06917845,2025-05-27 00:00:00+00:00
108978.45,109344.89,106790.16,107819.29,6474.20131287,2025-05-28 00:00:00+00:00
107819.26,108943.35,105315.0,105572.58,9305.58410478,2025-05-29 00:00:00+00:00
105572.58,106377.66,103634.48,104033.26,7866.16241154,2025-05-30 00:00:00+00:00
104033.0,104965.5,103110.01,104645.87,2403.60824408,2025-05-31 00:00:00+00:00
104645.87,105937.46,103800.81,105697.94,2369.92891564,2025-06-01 00:00:00+00:00
105697.93,106000.0,103685.23,105904.94,5818.90812007,2025-06-02 00:00:00+00:00
105909.79,106901.68,104910.01,105447.82,6486.4597778,2025-06-03 00:00:00+00:00
105443.95,106058.47,104202.0,104753.38,4505.03599201,2025-06-04 00:00:00+00:00
104753.37,105999.68,100345.73,101570.2,10627.57339852,2025-06-05 00:00:00+00:00
101570.2,105439.01,101132.91,104397.99,9677.25748525,2025-06-06 00:00:00+00:00
104398.0,106000.0,103969.7,105619.02,4141.10124271,2025-06-07 00:00:00+00:00
105619.02,106548.9,105028.3,105784.4,1998.61011035,2025-06-08 00:00:00+00:00
105784.41,110651.12,105368.27,110301.15,6581.24781856,2025-06-09 00:00:00+00:00
110299.69,110420.08,108362.14,110300.24,5433.6716937,2025-06-10 00:00:00+00:00
110300.25,110435.05,108091.74,108669.37,4603.3324446,2025-06-11 00:00:00+00:00
108673.77,108853.74,105706.78,105721.05,5734.67136139,2025-06-12 00:00:00+00:00
105716.45,106233.0,102746.01,106118.7,7441.52465913,2025-06-13 00:00:00+00:00
106114.53,106264.36,104351.72,105465.42,2256.48702523,2025-06-14 00:00:00+00:00
105465.42,106184.13,104505.05,105599.25,1722.80945227,2025-06-15 00:00:00+00:00
105600.21,109000.0,104982.26,106853.38,5952.98369341,2025-06-16 00:00:00+00:00
106853.38,107792.9,103363.3,104590.44,7688.94642443,2025-06-17 00:00:00+00:00
104590.44,105603.63,103512.38,104915.6,4918.14382744,2025-06-18 00:00:00+00:00
104915.6,105266.61,103916.37,104671.9,2279.05842007,2025-06-19 00:00:00+00:00
104671.4,106553.86,102357.25,103317.8,5047.63626176,2025-06-20 00:00:00+00:00
103317.79,104013.64,100919.19,102160.03,3287.51327489,2025-06-21 00:00:00+00:00
102160.36,103417.0,98225.01,100996.87,7872.25874446,2025-06-22 00:00:00+00:00
100996.87,106135.47,99677.07,105419.39,8910.86676597,2025-06-23 00:00:00+00:00
105418.4,106366.29,104681.83,106141.0,5773.20907668,2025-06-24 00:00:00+00:00
106141.01,108206.0,105875.0,107400.22,7072.65636297,2025-06-25 00:00:00+00:00
107400.22,108345.0,106605.88,107029.64,4900.22231656,2025-06-26 00:00:00+00:00
107029.63,107804.2,106413.79,107113.38,6310.43715745,2025-06-27 00:00:00+00:00
107119.17,107599.81,106868.94,107352.2,1227.76803255,2025-06-28 00:00:00+00:00
107352.2,108550.0,107230.0,108386.44,2154.86170312,2025-06-29 00:00:00+00:00
108386.44,108800.0,106724.76,107173.21,4839.04838063,2025-06-30 00:00:00+00:00
107173.21,107579.3,105262.0,105711.78,5152.72760186,2025-07-01 00:00:00+00:00
105711.77,109823.08,105119.7,108888.32,7995.79258367,2025-07-02 00:00:00+00:00
108887.03,110590.0,108574.31,109628.83,6434.57921608,2025-07-03 00:00:00+00:00
109628.83,109812.94,107268.84,108028.6,3129.21859997,2025-07-04 00:00:00+00:00
108028.6,108454.19,107783.1,108246.65,1513.15428554,2025-07-05 00:00:00+00:00
108246.66,109736.64,107837.7,109217.98,1651.18120197,2025-07-06 00:00:00+00:00
109217.98,109741.64,107507.0,108269.84,4455.08353019,2025-07-07 00:00:00+00:00
108271.49,109255.99,107438.33,108958.04,3785.3907416,2025-07-08 00:00:00+00:00
108953.58,112152.91,108329.87,111282.85,7683.83239574,2025-07-09 00:00:00+00:00
111282.84,116842.0,110541.87,116031.3,12920.20742934,2025-07-10 00:00:00+00:00
116031.29,118909.74,115211.74,117582.16,10116.886206,2025-07-11 00:00:00+00:00
117582.16,118244.51,116940.82,117472.65,2397.72381256,2025-07-12 00:00:00+00:00
117472.65,119500.0,117238.69,119130.81,3461.0430314,2025-07-13 00:00:00+00:00
119130.81,123231.07,118949.18,119863.71,13536.79954839,2025-07-14 00:00:00+00:00
119863.71,119973.3,115697.37,117781.64,23726.31356081,2025-07-15 00:00:00+00:00
117781.63,120134.8,117033.23,118681.68,9250.98642597,2025-07-16 00:00:00+00:00
118681.67,120998.76,117469.0,119273.69,8360.35130892,2025-07-17 00:00:00+00:00
119273.7,120918.68,116892.42,118023.05,8735.40386401,2025-07-18 00:00:00+00:00
118023.06,118564.59,117337.59,117914.17,1700.0997198,2025-07-19 00:00:00+00:00
117914.17,118921.76,116525.0,117312.7,2504.59032125,2025-07-20 00:00:00+00:00
117315.68,119745.93,116565.01,117428.79,5450.55450292,2025-07-21 00:00:00+00:00
117428.79,120300.0,116185.0,120026.42,7564.58852928,2025-07-22 00:00:00+00:00
120034.21,120180.93,117342.21,118810.44,5526.13819924,2025-07-23 00:00:00+00:00
118810.44,119557.7,117190.0,118397.04,7137.01277011,2025-07-24 00:00:00+00:00
118400.0,118518.2,114750.0,117633.27,24633.33644271,2025-07-25 00:00:00+00:00
117633.27,118371.35,117095.73,117969.63,6974.42930567,2025-07-26 00:00:00+00:00
117981.73,119800.0,117849.99,119465.52,4999.42180703,2025-07-27 00:00:00+00:00
119465.52,119839.0,117380.6,118070.59,7647.38438521,2025-07-28 00:00:00+00:00
118074.43,119284.78,116900.0,117933.39,6070.86335715,2025-07-29 00:00:00+00:00
117933.39,118809.43,115728.49,117830.15,4647.7410138,2025-07-30 00:00:00+00:00
117830.15,118920.0,115500.0,115761.13,4647.6521388,2025-07-31 00:00:00+00:00
115756.12,116065.12,112659.0,113248.73,9196.58441635,2025-08-01 00:00:00+00:00
113248.83,114023.58,112000.0,112542.74,2946.5811158,2025-08-02 00:00:00+00:00
112542.75,114794.99,111903.68,114215.73,2212.37278435,2025-08-03 00:00:00+00:00
114215.7,115756.06,114118.18,115051.85,4655.53866243,2025-08-04 00:00:00+00:00
115056.14,115112.75,112622.14,114112.95,4943.38930608,2025-08-05 00:00:00+00:00
114112.95,115749.99,113347.87,115028.83,4481.39474697,2025-08-06 00:00:00+00:00
115028.83,117687.0,114268.6,117515.49,5804.23960803,2025-08-07 00:00:00+00:00
117515.69,117687.0,115800.0,116683.79,4870.3042426,2025-08-08 00:00:00+00:00
116683.79,117937.89,116343.34,116492.51,2586.17129292,2025-08-09 00:00:00+00:00
116492.5,119324.08,116480.0,119309.37,2850.61404026,2025-08-10 00:00:00+00:00
119309.37,122319.14,118050.0,118701.84,7220.80819945,2025-08-11 00:00:00+00:00
118701.83,120327.0,118190.81,120113.18,4615.45835079,2025-08-12 00:00:00+00:00
120109.04,123740.24,118931.34,123365.63,8512.8860955,2025-08-13 00:00:00+00:00
123365.63,124533.0,117208.97,118389.79,10154.04939662,2025-08-14 00:00:00+00:00
118389.79,119339.57,116859.32,117436.96,4990.799358,2025-08-15 00:00:00+00:00
117436.95,118028.68,117222.01,117455.68,1781.69438526,2025-08-16 00:00:00+00:00
117455.69,118641.6,117249.49,117488.6,2021.61751952,2025-08-17 00:00:00+00:00
117488.59,117633.8,114703.26,116286.76,6762.85366719,2025-08-18 00:00:00+00:00
116286.75,116792.87,112696.56,112856.19,7918.58452813,2025-08-19 00:00:00+00:00
112853.66,114627.37,112344.11,114276.0,5764.27605073,2025-08-20 00:00:00+00:00
114276.0,114812.0,111964.0,112480.3,6033.74435365,2025-08-21 00:00:00+00:00
112480.29,117416.73,111649.75,116908.68,8547.72089091,2025-08-22 00:00:00+00:00
116911.9,116999.03,114505.0,115383.87,2245.41925268,2025-08-23 00:00:00+00:00
115383.87,115616.53,110635.0,113478.0,4602.76322486,2025-08-24 00:00:00+00:00
113478.0,113645.32,109275.74,110127.74,8509.20658676,2025-08-25 00:00:00+00:00
110127.74,112399.99,108670.0,111788.01,7735.56524843,2025-08-26 00:00:00+00:00
111788.04,112683.39,110351.11,111253.21,5151.42127925,2025-08-27 00:00:00+00:00
111253.22,113480.0,110858.78,112574.85,4637.29182209,2025-08-28 00:00:00+00:00
112574.84,112642.53,107469.13,108378.32,7806.0938333,2025-08-29 00:00:00+00:00
108378.32,108928.79,107369.69,108827.93,2828.67461609,2025-08-30 00:00:00+00:00
108827.92,109489.79,108060.79,108247.95,2702.50957636,2025-08-31 00:00:00+00:00
108247.95,109907.51,107250.0,109240.55,5396.96365977,2025-09-01 00:00:00+00:00
109240.55,111801.86,108400.0,111247.94,7398.40595759,2025-09-02 00:00:00+00:00
111247.94,112600.0,110533.77,111756.41,5205.45031255,2025-09-03 00:00:00+00:00
111756.4,112235.6,109321.0,110720.79,5253.71408228,2025-09-04 00:00:00+00:00
110714.48,113390.0,110202.36,110670.02,7218.59124481,2025-09-05 00:00:00+00:00
110670.02,111317.65,109993.0,110212.6,1621.65017738,2025-09-06 00:00:00+00:00
110214.21,111600.0,110200.01,111129.61,1646.11764246,2025-09-07 00:00:00+00:00
111120.38,112940.84,110600.0,112072.57,5158.43294831,2025-09-08 00:00:00+00:00
112072.57,113292.96,110765.72,111549.32,5158.45733241,2025-09-09 00:00:00+00:00
111546.61,114362.1,110919.55,113983.97,7249.99346721,2025-09-10 00:00:00+00:00
113983.98,115554.53,113433.92,115540.0,5575.3607407,2025-09-11 00:00:00+00:00
115540.01,116833.25,114774.19,116106.03,6493.57632751,2025-09-12 00:00:00+00:00
116106.03,116378.04,115177.53,115968.35,2173.49651785,2025-09-13 00:00:00+00:00
115968.33,116226.61,115166.0,115314.13,1967.88683794,2025-09-14 00:00:00+00:00
115314.12,116802.0,114395.84,115381.08,6142.67859527,2025-09-15 00:00:00+00:00
115381.07,117000.0,114750.0,116832.56,6012.58313417,2025-09-16 00:00:00+00:00
116832.56,117327.24,114724.57,116484.4,7151.30033814,2025-09-17 00:00:00+00:00
116484.4,117998.17,116125.08,117117.99,7140.41942024,2025-09-18 00:00:00+00:00
117117.99,117516.36,115132.71,115690.55,5874.11552075,2025-09-19 00:00:00+00:00
115690.55,116194.63,115463.22,115752.4,2830.8502542,2025-09-20 00:00:00+00:00
115752.9,115900.02,115237.16,115282.27,2071.01892785,2025-09-21 00:00:00+00:00
115282.26,115441.37,111761.22,112736.59,8494.39097785,2025-09-22 00:00:00+00:00
112736.59,113357.0,111502.08,112017.21,4512.04618772,2025-09-23 00:00:00+00:00
112017.21,113999.98,111066.07,113348.17,4932.88303511,2025-09-24 00:00:00+00:00
113348.16,113561.35,108623.7,109035.72,9197.26639402,2025-09-25 00:00:00+00:00
109036.0,110369.99,108645.02,109697.29,6826.16968974,2025-09-26 00:00:00+00:00
109697.29,109815.08,109116.0,109681.16,1950.48703402,2025-09-27 00:00:00+00:00
109681.15,112385.84,109230.98,112197.67,2397.09714427,2025-09-28 00:00:00+00:00
112197.66,114490.0,111582.65,114365.07,5553.41779958,2025-09-29 00:00:00+00:00
114361.66,114850.0,112695.85,114067.71,5044.09158186,2025-09-30 00:00:00+00:00
114067.71,118718.8,113975.5,118659.97,9687.1228881,2025-10-01 00:00:00+00:00
118662.72,121111.0,118336.01,120621.32,8816.90252269,2025-10-02 00:00:00+00:00
120621.33,123996.81,119327.83,122318.4,11835.08733617,2025-10-03 00:00:00+00:00
122318.39,122896.0,121572.64,122458.56,2705.28818527,2025-10-04 00:00:00+00:00
122458.55,125750.0,122195.28,123520.79,5820.77013157,2025-10-05 00:00:00+00:00
123520.8,126296.0,123115.77,124720.09,9135.3086452,2025-10-06 00:00:00+00:00
124723.57,125226.34,120636.0,121393.95,8699.84065383,2025-10-07 00:00:00+00:00
121393.96,124254.31,121090.06,123343.25,6727.94848453,2025-10-08 00:00:00+00:00
123343.24,123822.08,119713.65,121714.51,6980.15210285,2025-10-09 00:00:00+00:00
121714.51,122600.0,107000.0,112980.28,22432.34375511,2025-10-10 00:00:00+00:00
112976.01,113439.99,109683.96,110768.89,10041.88198008,2025-10-11 00:00:00+00:00
110768.9,115847.0,109687.46,115067.98,9699.03564495,2025-10-12 00:00:00+00:00
115067.96,116077.51,113700.27,115274.03,8147.76104518,2025-10-13 00:00:00+00:00
115274.03,115514.91,109945.86,113068.0,11955.35437582,2025-10-14 00:00:00+00:00
113072.18,113671.99,110185.87,110804.12,7440.03782479,2025-10-15 00:00:00+00:00
110804.11,112021.07,107464.53,108198.0,14792.78754529,2025-10-16 00:00:00+00:00
108197.99,109269.97,103516.75,106463.3,13824.34463474,2025-10-17 00:00:00+00:00
106462.09,107535.68,106357.69,107208.91,3552.60959467,2025-10-18 00:00:00+00:00
107208.91,109499.0,106091.25,108676.78,4841.63812975,2025-10-19 00:00:00+00:00
108676.77,111748.6,107449.91,110568.06,6286.43529012,2025-10-20 00:00:00+00:00
110568.05,114082.29,107444.6,108362.27,12890.45189253,2025-10-21 00:00:00+00:00
108357.99,109188.27,106639.0,107585.98,9311.33986567,2025-10-22 00:00:00+00:00
107588.02,111342.6,107511.46,110116.03,6881.35851313,2025-10-23 00:00:00+00:00
110116.02,112158.39,109725.51,111042.13,5915.09477083,2025-10-24 00:00:00+00:00
111042.13,111968.52,110693.01,111666.21,1478.94798996,2025-10-25 00:00:00+00:00
111666.22,115542.0,111260.33,114548.09,3808.17193597,2025-10-26 00:00:00+00:00
114561.69,116410.06,113833.12,114087.06,5491.52581938,2025-10-27 00:00:00+00:00
114087.06,116114.13,112203.0,112906.75,5342.86134585,2025-10-28 00:00:00+00:00
112906.75,113690.17,109000.0,110032.13,6110.48087693,2025-10-29 00:00:00+00:00
110031.65,111629.2,106279.33,108308.18,8481.34743643,2025-10-30 00:00:00+00:00
108308.02,111066.1,108266.11,109555.27,6858.47522213,2025-10-31 00:00:00+00:00
109555.63,110500.0,109342.47,110052.25,1707.44713625,2025-11-01 00:00:00+00:00
110052.25,111221.99,108800.0,110536.01,3777.57822519,2025-11-02 00:00:00+00:00
110533.83,110749.0,105271.67,106557.98,8657.30683772,2025-11-03 00:00:00+00:00
106557.98,107269.85,98892.97,101468.15,17052.82209797,2025-11-04 00:00:00+00:00
101468.16,104550.0,98950.0,103869.0,10844.84576039,2025-11-05 00:00:00+00:00
103866.67,104191.19,100235.02,101290.5,9488.56911128,2025-11-06 00:00:00+00:00
101290.5,104041.99,99170.0,103284.27,9981.70774039,2025-11-07 00:00:00+00:00
103281.79,103350.0,101422.74,102285.57,4365.22006206,2025-11-08 00:00:00+00:00
102285.58,105471.04,101372.58,104694.95,5545.42134633,2025-11-09 00:00:00+00:00
104694.23,106653.0,104240.76,105979.38,7737.06153627,2025-11-10 00:00:00+00:00
105979.38,107482.0,102422.43,103009.35,6574.79380402,2025-11-11 00:00:00+00:00
103017.21,105316.64,100803.2,101639.01,6053.08600012,2025-11-12 00:00:00+00:00
101636.03,104050.0,97870.0,99614.54,12710.66743459,2025-11-13 00:00:00+00:00
99610.49,99836.1,93951.32,94503.96,19645.40043753,2025-11-14 00:00:00+00:00
94501.08,96747.02,94222.2,95544.94,5157.02031554,2025-11-15 00:00:00+00:00
95544.94,96559.61,92943.83,94183.97,7161.13750207,2025-11-16 00:00:00+00:00
94182.03,95950.0,91158.35,92100.6,13319.956338,2025-11-17 00:00:00+00:00
92100.6,93775.0,89183.48,92914.46,16182.4672286,2025-11-18 00:00:00+00:00
92914.45,92948.0,88483.12,91461.6,15642.23320328,2025-11-19 00:00:00+00:00
91465.04,93080.91,85980.7,86536.88,18857.80134874,2025-11-20 00:00:00+00:00
86531.87,87395.93,80524.65,85068.88,31211.5604643,2025-11-21 00:00:00+00:00
85068.85,85547.11,83441.91,84684.0,7330.52185107,2025-11-22 00:00:00+00:00
84683.99,88100.0,84614.11,86808.28,9786.06365257,2025-11-23 00:00:00+00:00
86808.28,89225.6,85213.17,88266.2,14868.61469913,2025-11-24 00:00:00+00:00
88264.0,88486.82,86067.02,87325.01,10484.73675809,2025-11-25 00:00:00+00:00
87325.0,90628.53,86266.95,90468.84,11351.8707199,2025-11-26 00:00:00+00:00
90468.83,91925.4,90067.81,91316.7,8201.73046924,2025-11-27 00:00:00+00:00
91316.7,93161.86,90220.5,90902.7,9580.37061817,2025-11-28 00:00:00+00:00
90902.69,91199.99,90200.0,90828.06,3143.58444031,2025-11-29 00:00:00+00:00
90829.68,91980.8,90353.96,90369.51,3513.48557284,2025-11-30 00:00:00+00:00
90364.0,90433.7,83800.0,86282.36,16664.36191777,2025-12-01 00:00:00+00:00
86282.35,92342.0,86181.38,91308.05,13162.85699748,2025-12-02 00:00:00+00:00
91308.05,94181.41,91024.47,93453.84,9741.98216681,2025-12-03 00:00:00+00:00
93452.02,94087.05,90904.73,92093.54,6198.20707297,2025-12-04 00:00:00+00:00
92093.7,92716.42,88099.05,89345.29,8310.94183595,2025-12-05 00:00:00+00:00
89345.29,90296.32,88932.0,89267.97,3017.16860213,2025-12-06 00:00:00+00:00
89262.8,91779.99,87733.18,90402.29,4070.57697141,2025-12-07 00:00:00+00:00
90402.3,92291.96,89599.0,90653.86,6661.98775031,2025-12-08 00:00:00+00:00
90653.86,94640.66,89537.55,92690.0,9862.67083813,2025-12-09 00:00:00+00:00
92690.0,94500.0,91556.64,92035.99,8904.69319331,2025-12-10 00:00:00+00:00
92035.85,93594.76,89257.98,92542.0,9119.99377433,2025-12-11 00:00:00+00:00
92539.63,92791.26,89500.0,90278.0,6137.8902612,2025-12-12 00:00:00+00:00
90278.0,90657.0,89777.79,90255.32,1542.14542217,2025-12-13 00:00:00+00:00
90255.32,90496.16,87565.38,88171.61,3643.36533229,2025-12-14 00:00:00+00:00
88174.37,88695.21,88065.44,88492.03,529.65202453,2025-12-15 00:00:00+00:00
